year,month,state,gender,value
2036,October,West Bengal,Total,43964000
2036,October,West Bengal,Male,22615000
2036,October,West Bengal,Female,21349000
2036,October,Uttarakhand,Total,5506000
2036,October,Uttarakhand,Male,2922000
2036,October,Uttarakhand,Female,2583000
2036,October,Uttar Pradesh,Total,67511000
2036,October,Uttar Pradesh,Male,35645000
2036,October,Uttar Pradesh,Female,31866000
2036,October,Tripura,Total,2499000
2036,October,Tripura,Male,1266000
2036,October,Tripura,Female,1232000
2036,October,Telangana,Total,22817000
2036,October,Telangana,Male,11483000
2036,October,Telangana,Female,11334000
2036,October,Tamil Nadu,Total,46767000
2036,October,Tamil Nadu,Male,23383000
2036,October,Tamil Nadu,Female,23383000
2036,October,Sikkim,Total,576000
2036,October,Sikkim,Male,301000
2036,October,Sikkim,Female,275000
2036,October,Rajasthan,Total,25950000
2036,October,Rajasthan,Male,13558000
2036,October,Rajasthan,Female,12392000
2036,October,Punjab,Total,15329000
2036,October,Punjab,Male,8175000
2036,October,Punjab,Female,7153000
2036,October,Puducherry,Total,1588000
2036,October,Puducherry,Male,778000
2036,October,Puducherry,Female,810000
2036,October,Odisha,Total,10508000
2036,October,Odisha,Male,5439000
2036,October,Odisha,Female,5069000
2036,October,Nagaland,Total,1606000
2036,October,Nagaland,Male,842000
2036,October,Nagaland,Female,764000
2036,October,Mizoram,Total,796000
2036,October,Mizoram,Male,398000
2036,October,Mizoram,Female,397000
2036,October,Meghalaya,Total,788000
2036,October,Meghalaya,Male,394000
2036,October,Meghalaya,Female,394000
2036,October,Manipur,Total,1284000
2036,October,Manipur,Male,634000
2036,October,Manipur,Female,650000
2036,October,Maharashtra,Total,71643000
2036,October,Maharashtra,Male,37647000
2036,October,Maharashtra,Female,33996000
2036,October,Madhya Pradesh,Total,29923000
2036,October,Madhya Pradesh,Male,15601000
2036,October,Madhya Pradesh,Female,14322000
2036,October,Lakshadweep,Total,71000
2036,October,Lakshadweep,Male,37000
2036,October,Lakshadweep,Female,34000
2036,October,Ladakh,Total,131000
2036,October,Ladakh,Male,86000
2036,October,Ladakh,Female,45000
2036,October,Kerala,Total,35903000
2036,October,Kerala,Male,17170000
2036,October,Kerala,Female,18733000
2036,October,Karnataka,Total,36794000
2036,October,Karnataka,Male,18744000
2036,October,Karnataka,Female,18050000
2036,October,Jharkhand,Total,12924000
2036,October,Jharkhand,Male,6766000
2036,October,Jharkhand,Female,6157000
2036,October,Jammu and Kashmir,Total,5043000
2036,October,Jammu and Kashmir,Male,2730000
2036,October,Jammu and Kashmir,Female,2312000
2036,October,Himachal Pradesh,Total,829000
2036,October,Himachal Pradesh,Male,447000
2036,October,Himachal Pradesh,Female,382000
2036,October,Haryana,Total,17294000
2036,October,Haryana,Male,9233000
2036,October,Haryana,Female,8061000
2036,October,Gujarat,Total,45154000
2036,October,Gujarat,Male,24018000
2036,October,Gujarat,Female,21136000
2036,October,Goa,Total,1478000
2036,October,Goa,Male,756000
2036,October,Goa,Female,722000
2036,October,Delhi,Total,26829000
2036,October,Delhi,Male,14362000
2036,October,Delhi,Female,12467000
2036,October,Daman and Diu,Total,2052000
2036,October,Daman and Diu,Male,1748000
2036,October,Daman and Diu,Female,305000
2036,October,Dadra and Nagar Haveli,Total,1428000
2036,October,Dadra and Nagar Haveli,Male,849000
2036,October,Dadra and Nagar Haveli,Female,579000
2036,October,Chhattisgarh,Total,10773000
2036,October,Chhattisgarh,Male,5507000
2036,October,Chhattisgarh,Female,5265000
2036,October,Chandigarh,Total,1365000
2036,October,Chandigarh,Male,749000
2036,October,Chandigarh,Female,616000
2036,October,Bihar,Total,19923000
2036,October,Bihar,Male,10513000
2036,October,Bihar,Female,9409000
2036,October,Assam,Total,6815000
2036,October,Assam,Male,3502000
2036,October,Assam,Female,3313000
2036,October,Arunachal Pradesh,Total,495000
2036,October,Arunachal Pradesh,Male,262000
2036,October,Arunachal Pradesh,Female,233000
2036,October,Andhra Pradesh,Total,24486000
2036,October,Andhra Pradesh,Male,12323000
2036,October,Andhra Pradesh,Female,12163000
2036,October,Andaman and Nicobar Islands,Total,214000
2036,October,Andaman and Nicobar Islands,Male,114000
2036,October,Andaman and Nicobar Islands,Female,100000
2036,October,All India,Total,599048000
2036,October,All India,Male,310997000
2036,October,All India,Female,288051000
2036,March,West Bengal,Total,43658000
2036,March,West Bengal,Male,22458000
2036,March,West Bengal,Female,21200000
2036,March,Uttarakhand,Total,5449000
2036,March,Uttarakhand,Male,2892000
2036,March,Uttarakhand,Female,2557000
2036,March,Uttar Pradesh,Total,67081000
2036,March,Uttar Pradesh,Male,35418000
2036,March,Uttar Pradesh,Female,31663000
2036,March,Tripura,Total,2460000
2036,March,Tripura,Male,1247000
2036,March,Tripura,Female,1213000
2036,March,Telangana,Total,22733000
2036,March,Telangana,Male,11441000
2036,March,Telangana,Female,11292000
2036,March,Tamil Nadu,Total,46554000
2036,March,Tamil Nadu,Male,23277000
2036,March,Tamil Nadu,Female,23277000
2036,March,Sikkim,Total,566000
2036,March,Sikkim,Male,296000
2036,March,Sikkim,Female,270000
2036,March,Rajasthan,Total,25765000
2036,March,Rajasthan,Male,13461000
2036,March,Rajasthan,Female,12304000
2036,March,Punjab,Total,15227000
2036,March,Punjab,Male,8121000
2036,March,Punjab,Female,7106000
2036,March,Puducherry,Total,1568000
2036,March,Puducherry,Male,768000
2036,March,Puducherry,Female,800000
2036,March,Odisha,Total,10434000
2036,March,Odisha,Male,5401000
2036,March,Odisha,Female,5033000
2036,March,Nagaland,Total,1581000
2036,March,Nagaland,Male,829000
2036,March,Nagaland,Female,752000
2036,March,Mizoram,Total,791000
2036,March,Mizoram,Male,396000
2036,March,Mizoram,Female,395000
2036,March,Meghalaya,Total,784000
2036,March,Meghalaya,Male,392000
2036,March,Meghalaya,Female,392000
2036,March,Manipur,Total,1274000
2036,March,Manipur,Male,629000
2036,March,Manipur,Female,645000
2036,March,Maharashtra,Total,71225000
2036,March,Maharashtra,Male,37428000
2036,March,Maharashtra,Female,33797000
2036,March,Madhya Pradesh,Total,29730000
2036,March,Madhya Pradesh,Male,15501000
2036,March,Madhya Pradesh,Female,14229000
2036,March,Lakshadweep,Total,71000
2036,March,Lakshadweep,Male,37000
2036,March,Lakshadweep,Female,34000
2036,March,Ladakh,Total,129000
2036,March,Ladakh,Male,85000
2036,March,Ladakh,Female,44000
2036,March,Kerala,Total,35630000
2036,March,Kerala,Male,17040000
2036,March,Kerala,Female,18590000
2036,March,Karnataka,Total,36511000
2036,March,Karnataka,Male,18600000
2036,March,Karnataka,Female,17911000
2036,March,Jharkhand,Total,12816000
2036,March,Jharkhand,Male,6710000
2036,March,Jharkhand,Female,6106000
2036,March,Jammu and Kashmir,Total,5005000
2036,March,Jammu and Kashmir,Male,2710000
2036,March,Jammu and Kashmir,Female,2295000
2036,March,Himachal Pradesh,Total,827000
2036,March,Himachal Pradesh,Male,446000
2036,March,Himachal Pradesh,Female,381000
2036,March,Haryana,Total,17094000
2036,March,Haryana,Male,9127000
2036,March,Haryana,Female,7967000
2036,March,Gujarat,Total,44717000
2036,March,Gujarat,Male,23786000
2036,March,Gujarat,Female,20931000
2036,March,Goa,Total,1467000
2036,March,Goa,Male,750000
2036,March,Goa,Female,717000
2036,March,Delhi,Total,26591000
2036,March,Delhi,Male,14235000
2036,March,Delhi,Female,12356000
2036,March,Daman and Diu,Total,1955000
2036,March,Daman and Diu,Male,1659000
2036,March,Daman and Diu,Female,296000
2036,March,Dadra and Nagar Haveli,Total,1374000
2036,March,Dadra and Nagar Haveli,Male,817000
2036,March,Dadra and Nagar Haveli,Female,557000
2036,March,Chhattisgarh,Total,10660000
2036,March,Chhattisgarh,Male,5450000
2036,March,Chhattisgarh,Female,5210000
2036,March,Chandigarh,Total,1360000
2036,March,Chandigarh,Male,746000
2036,March,Chandigarh,Female,614000
2036,March,Bihar,Total,19741000
2036,March,Bihar,Male,10417000
2036,March,Bihar,Female,9324000
2036,March,Assam,Total,6762000
2036,March,Assam,Male,3475000
2036,March,Assam,Female,3287000
2036,March,Arunachal Pradesh,Total,491000
2036,March,Arunachal Pradesh,Male,260000
2036,March,Arunachal Pradesh,Female,231000
2036,March,Andhra Pradesh,Total,24272000
2036,March,Andhra Pradesh,Male,12215000
2036,March,Andhra Pradesh,Female,12057000
2036,March,Andaman and Nicobar Islands,Total,213000
2036,March,Andaman and Nicobar Islands,Male,114000
2036,March,Andaman and Nicobar Islands,Female,99000
2036,March,All India,Total,594566000
2036,March,All India,Male,308634000
2036,March,All India,Female,285932000
2036,July,West Bengal,Total,43831000
2036,July,West Bengal,Male,22547000
2036,July,West Bengal,Female,21284000
2036,July,Uttarakhand,Total,5481000
2036,July,Uttarakhand,Male,2909000
2036,July,Uttarakhand,Female,2572000
2036,July,Uttar Pradesh,Total,67324000
2036,July,Uttar Pradesh,Male,35546000
2036,July,Uttar Pradesh,Female,31778000
2036,July,Tripura,Total,2482000
2036,July,Tripura,Male,1258000
2036,July,Tripura,Female,1224000
2036,July,Telangana,Total,22733000
2036,July,Telangana,Male,11441000
2036,July,Telangana,Female,11292000
2036,July,Tamil Nadu,Total,46675000
2036,July,Tamil Nadu,Male,23337000
2036,July,Tamil Nadu,Female,23337000
2036,July,Sikkim,Total,572000
2036,July,Sikkim,Male,299000
2036,July,Sikkim,Female,273000
2036,July,Rajasthan,Total,25870000
2036,July,Rajasthan,Male,13516000
2036,July,Rajasthan,Female,12354000
2036,July,Punjab,Total,15284000
2036,July,Punjab,Male,8152000
2036,July,Punjab,Female,7133000
2036,July,Puducherry,Total,1579000
2036,July,Puducherry,Male,773000
2036,July,Puducherry,Female,806000
2036,July,Odisha,Total,10476000
2036,July,Odisha,Male,5422000
2036,July,Odisha,Female,5054000
2036,July,Nagaland,Total,1595000
2036,July,Nagaland,Male,836000
2036,July,Nagaland,Female,759000
2036,July,Mizoram,Total,794000
2036,July,Mizoram,Male,397000
2036,July,Mizoram,Female,397000
2036,July,Meghalaya,Total,787000
2036,July,Meghalaya,Male,393000
2036,July,Meghalaya,Female,394000
2036,July,Manipur,Total,1280000
2036,July,Manipur,Male,632000
2036,July,Manipur,Female,648000
2036,July,Maharashtra,Total,71462000
2036,July,Maharashtra,Male,37552000
2036,July,Maharashtra,Female,33910000
2036,July,Madhya Pradesh,Total,29840000
2036,July,Madhya Pradesh,Male,15558000
2036,July,Madhya Pradesh,Female,14282000
2036,July,Lakshadweep,Total,71000
2036,July,Lakshadweep,Male,37000
2036,July,Lakshadweep,Female,34000
2036,July,Ladakh,Total,130000
2036,July,Ladakh,Male,85000
2036,July,Ladakh,Female,45000
2036,July,Kerala,Total,35803000
2036,July,Kerala,Male,17123000
2036,July,Kerala,Female,18681000
2036,July,Karnataka,Total,36671000
2036,July,Karnataka,Male,18681000
2036,July,Karnataka,Female,17990000
2036,July,Jharkhand,Total,12877000
2036,July,Jharkhand,Male,6742000
2036,July,Jharkhand,Female,6135000
2036,July,Jammu and Kashmir,Total,5026000
2036,July,Jammu and Kashmir,Male,2721000
2036,July,Jammu and Kashmir,Female,2305000
2036,July,Himachal Pradesh,Total,829000
2036,July,Himachal Pradesh,Male,447000
2036,July,Himachal Pradesh,Female,381000
2036,July,Haryana,Total,17207000
2036,July,Haryana,Male,9187000
2036,July,Haryana,Female,8020000
2036,July,Gujarat,Total,44964000
2036,July,Gujarat,Male,23917000
2036,July,Gujarat,Female,21047000
2036,July,Goa,Total,1473000
2036,July,Goa,Male,753000
2036,July,Goa,Female,720000
2036,July,Delhi,Total,26727000
2036,July,Delhi,Male,14308000
2036,July,Delhi,Female,12419000
2036,July,Daman and Diu,Total,2011000
2036,July,Daman and Diu,Male,1710000
2036,July,Daman and Diu,Female,301000
2036,July,Dadra and Nagar Haveli,Total,1404000
2036,July,Dadra and Nagar Haveli,Male,835000
2036,July,Dadra and Nagar Haveli,Female,569000
2036,July,Chhattisgarh,Total,10723000
2036,July,Chhattisgarh,Male,5482000
2036,July,Chhattisgarh,Female,5241000
2036,July,Chandigarh,Total,1362000
2036,July,Chandigarh,Male,748000
2036,July,Chandigarh,Female,615000
2036,July,Bihar,Total,19844000
2036,July,Bihar,Male,10472000
2036,July,Bihar,Female,9372000
2036,July,Assam,Total,6792000
2036,July,Assam,Male,3490000
2036,July,Assam,Female,3302000
2036,July,Arunachal Pradesh,Total,494000
2036,July,Arunachal Pradesh,Male,261000
2036,July,Arunachal Pradesh,Female,232000
2036,July,Andhra Pradesh,Total,24393000
2036,July,Andhra Pradesh,Male,12276000
2036,July,Andhra Pradesh,Female,12117000
2036,July,Andaman and Nicobar Islands,Total,213000
2036,July,Andaman and Nicobar Islands,Male,114000
2036,July,Andaman and Nicobar Islands,Female,99000
2036,July,All India,Total,597079000
2036,July,All India,Male,309957000
2036,July,All India,Female,287122000
2035,October,West Bengal,Total,43438000
2035,October,West Bengal,Male,22345000
2035,October,West Bengal,Female,21094000
2035,October,Uttarakhand,Total,5408000
2035,October,Uttarakhand,Male,2870000
2035,October,Uttarakhand,Female,2537000
2035,October,Uttar Pradesh,Total,66772000
2035,October,Uttar Pradesh,Male,35255000
2035,October,Uttar Pradesh,Female,31518000
2035,October,Tripura,Total,2433000
2035,October,Tripura,Male,1233000
2035,October,Tripura,Female,1200000
2035,October,Telangana,Total,22485000
2035,October,Telangana,Male,11316000
2035,October,Telangana,Female,11169000
2035,October,Tamil Nadu,Total,46402000
2035,October,Tamil Nadu,Male,23201000
2035,October,Tamil Nadu,Female,23201000
2035,October,Sikkim,Total,559000
2035,October,Sikkim,Male,292000
2035,October,Sikkim,Female,267000
2035,October,Rajasthan,Total,25633000
2035,October,Rajasthan,Male,13392000
2035,October,Rajasthan,Female,12240000
2035,October,Punjab,Total,15154000
2035,October,Punjab,Male,8082000
2035,October,Punjab,Female,7072000
2035,October,Puducherry,Total,1554000
2035,October,Puducherry,Male,761000
2035,October,Puducherry,Female,793000
2035,October,Odisha,Total,10381000
2035,October,Odisha,Male,5373000
2035,October,Odisha,Female,5008000
2035,October,Nagaland,Total,1563000
2035,October,Nagaland,Male,819000
2035,October,Nagaland,Female,744000
2035,October,Mizoram,Total,788000
2035,October,Mizoram,Male,394000
2035,October,Mizoram,Female,394000
2035,October,Meghalaya,Total,782000
2035,October,Meghalaya,Male,391000
2035,October,Meghalaya,Female,391000
2035,October,Manipur,Total,1267000
2035,October,Manipur,Male,625000
2035,October,Manipur,Female,642000
2035,October,Maharashtra,Total,70925000
2035,October,Maharashtra,Male,37270000
2035,October,Maharashtra,Female,33655000
2035,October,Madhya Pradesh,Total,29592000
2035,October,Madhya Pradesh,Male,15428000
2035,October,Madhya Pradesh,Female,14163000
2035,October,Lakshadweep,Total,71000
2035,October,Lakshadweep,Male,37000
2035,October,Lakshadweep,Female,34000
2035,October,Ladakh,Total,128000
2035,October,Ladakh,Male,84000
2035,October,Ladakh,Female,44000
2035,October,Kerala,Total,35448000
2035,October,Kerala,Male,16952000
2035,October,Kerala,Female,18495000
2035,October,Karnataka,Total,36308000
2035,October,Karnataka,Male,18496000
2035,October,Karnataka,Female,17812000
2035,October,Jharkhand,Total,12739000
2035,October,Jharkhand,Male,6669000
2035,October,Jharkhand,Female,6069000
2035,October,Jammu and Kashmir,Total,4978000
2035,October,Jammu and Kashmir,Male,2695000
2035,October,Jammu and Kashmir,Female,2283000
2035,October,Himachal Pradesh,Total,826000
2035,October,Himachal Pradesh,Male,446000
2035,October,Himachal Pradesh,Female,380000
2035,October,Haryana,Total,16950000
2035,October,Haryana,Male,9050000
2035,October,Haryana,Female,7900000
2035,October,Gujarat,Total,44403000
2035,October,Gujarat,Male,23619000
2035,October,Gujarat,Female,20784000
2035,October,Goa,Total,1459000
2035,October,Goa,Male,746000
2035,October,Goa,Female,713000
2035,October,Delhi,Total,26421000
2035,October,Delhi,Male,14144000
2035,October,Delhi,Female,12277000
2035,October,Daman and Diu,Total,1886000
2035,October,Daman and Diu,Male,1596000
2035,October,Daman and Diu,Female,290000
2035,October,Dadra and Nagar Haveli,Total,1335000
2035,October,Dadra and Nagar Haveli,Male,794000
2035,October,Dadra and Nagar Haveli,Female,541000
2035,October,Chhattisgarh,Total,10579000
2035,October,Chhattisgarh,Male,5408000
2035,October,Chhattisgarh,Female,5170000
2035,October,Chandigarh,Total,1356000
2035,October,Chandigarh,Male,744000
2035,October,Chandigarh,Female,612000
2035,October,Bihar,Total,19611000
2035,October,Bihar,Male,10349000
2035,October,Bihar,Female,9262000
2035,October,Assam,Total,6725000
2035,October,Assam,Male,3456000
2035,October,Assam,Female,3269000
2035,October,Arunachal Pradesh,Total,489000
2035,October,Arunachal Pradesh,Male,258000
2035,October,Arunachal Pradesh,Female,230000
2035,October,Andhra Pradesh,Total,24118000
2035,October,Andhra Pradesh,Male,12138000
2035,October,Andhra Pradesh,Female,11980000
2035,October,Andaman and Nicobar Islands,Total,212000
2035,October,Andaman and Nicobar Islands,Male,113000
2035,October,Andaman and Nicobar Islands,Female,99000
2035,October,All India,Total,591173000
2035,October,All India,Male,306841000
2035,October,All India,Female,284332000
2035,March,West Bengal,Total,43131000
2035,March,West Bengal,Male,22187000
2035,March,West Bengal,Female,20944000
2035,March,Uttarakhand,Total,5350000
2035,March,Uttarakhand,Male,2840000
2035,March,Uttarakhand,Female,2510000
2035,March,Uttar Pradesh,Total,66340000
2035,March,Uttar Pradesh,Male,35026000
2035,March,Uttar Pradesh,Female,31314000
2035,March,Tripura,Total,2394000
2035,March,Tripura,Male,1213000
2035,March,Tripura,Female,1181000
2035,March,Telangana,Total,22402000
2035,March,Telangana,Male,11274000
2035,March,Telangana,Female,11128000
2035,March,Tamil Nadu,Total,46188000
2035,March,Tamil Nadu,Male,23094000
2035,March,Tamil Nadu,Female,23094000
2035,March,Sikkim,Total,549000
2035,March,Sikkim,Male,287000
2035,March,Sikkim,Female,262000
2035,March,Rajasthan,Total,25447000
2035,March,Rajasthan,Male,13295000
2035,March,Rajasthan,Female,12152000
2035,March,Punjab,Total,15051000
2035,March,Punjab,Male,8027000
2035,March,Punjab,Female,7024000
2035,March,Puducherry,Total,1534000
2035,March,Puducherry,Male,751000
2035,March,Puducherry,Female,783000
2035,March,Odisha,Total,10306000
2035,March,Odisha,Male,5334000
2035,March,Odisha,Female,4972000
2035,March,Nagaland,Total,1538000
2035,March,Nagaland,Male,806000
2035,March,Nagaland,Female,732000
2035,March,Mizoram,Total,784000
2035,March,Mizoram,Male,392000
2035,March,Mizoram,Female,392000
2035,March,Meghalaya,Total,778000
2035,March,Meghalaya,Male,389000
2035,March,Meghalaya,Female,389000
2035,March,Manipur,Total,1257000
2035,March,Manipur,Male,620000
2035,March,Manipur,Female,637000
2035,March,Maharashtra,Total,70505000
2035,March,Maharashtra,Male,37049000
2035,March,Maharashtra,Female,33456000
2035,March,Madhya Pradesh,Total,29398000
2035,March,Madhya Pradesh,Male,15327000
2035,March,Madhya Pradesh,Female,14071000
2035,March,Lakshadweep,Total,71000
2035,March,Lakshadweep,Male,37000
2035,March,Lakshadweep,Female,34000
2035,March,Ladakh,Total,127000
2035,March,Ladakh,Male,83000
2035,March,Ladakh,Female,44000
2035,March,Kerala,Total,35192000
2035,March,Kerala,Male,16830000
2035,March,Kerala,Female,18362000
2035,March,Karnataka,Total,36024000
2035,March,Karnataka,Male,18352000
2035,March,Karnataka,Female,17672000
2035,March,Jharkhand,Total,12630000
2035,March,Jharkhand,Male,6613000
2035,March,Jharkhand,Female,6017000
2035,March,Jammu and Kashmir,Total,4939000
2035,March,Jammu and Kashmir,Male,2674000
2035,March,Jammu and Kashmir,Female,2265000
2035,March,Himachal Pradesh,Total,824000
2035,March,Himachal Pradesh,Male,445000
2035,March,Himachal Pradesh,Female,379000
2035,March,Haryana,Total,16748000
2035,March,Haryana,Male,8942000
2035,March,Haryana,Female,7806000
2035,March,Gujarat,Total,43963000
2035,March,Gujarat,Male,23385000
2035,March,Gujarat,Female,20578000
2035,March,Goa,Total,1448000
2035,March,Goa,Male,740000
2035,March,Goa,Female,708000
2035,March,Delhi,Total,26183000
2035,March,Delhi,Male,14017000
2035,March,Delhi,Female,12166000
2035,March,Daman and Diu,Total,1789000
2035,March,Daman and Diu,Male,1507000
2035,March,Daman and Diu,Female,282000
2035,March,Dadra and Nagar Haveli,Total,1281000
2035,March,Dadra and Nagar Haveli,Male,762000
2035,March,Dadra and Nagar Haveli,Female,519000
2035,March,Chhattisgarh,Total,10465000
2035,March,Chhattisgarh,Male,5350000
2035,March,Chhattisgarh,Female,5115000
2035,March,Chandigarh,Total,1351000
2035,March,Chandigarh,Male,741000
2035,March,Chandigarh,Female,610000
2035,March,Bihar,Total,19429000
2035,March,Bihar,Male,10253000
2035,March,Bihar,Female,9176000
2035,March,Assam,Total,6672000
2035,March,Assam,Male,3429000
2035,March,Assam,Female,3243000
2035,March,Arunachal Pradesh,Total,485000
2035,March,Arunachal Pradesh,Male,257000
2035,March,Arunachal Pradesh,Female,228000
2035,March,Andhra Pradesh,Total,23903000
2035,March,Andhra Pradesh,Male,12030000
2035,March,Andhra Pradesh,Female,11873000
2035,March,Andaman and Nicobar Islands,Total,210000
2035,March,Andaman and Nicobar Islands,Male,112000
2035,March,Andaman and Nicobar Islands,Female,98000
2035,March,All India,Total,586686000
2035,March,All India,Male,304470000
2035,March,All India,Female,282216000
2035,July,West Bengal,Total,43307000
2035,July,West Bengal,Male,22277000
2035,July,West Bengal,Female,21030000
2035,July,Uttarakhand,Total,5383000
2035,July,Uttarakhand,Male,2857000
2035,July,Uttarakhand,Female,2526000
2035,July,Uttar Pradesh,Total,66587000
2035,July,Uttar Pradesh,Male,35157000
2035,July,Uttar Pradesh,Female,31430000
2035,July,Tripura,Total,2416000
2035,July,Tripura,Male,1225000
2035,July,Tripura,Female,1191000
2035,July,Telangana,Total,22402000
2035,July,Telangana,Male,11274000
2035,July,Telangana,Female,11128000
2035,July,Tamil Nadu,Total,46310000
2035,July,Tamil Nadu,Male,23155000
2035,July,Tamil Nadu,Female,23155000
2035,July,Sikkim,Total,555000
2035,July,Sikkim,Male,290000
2035,July,Sikkim,Female,265000
2035,July,Rajasthan,Total,25553000
2035,July,Rajasthan,Male,13351000
2035,July,Rajasthan,Female,12202000
2035,July,Punjab,Total,15110000
2035,July,Punjab,Male,8058000
2035,July,Punjab,Female,7051000
2035,July,Puducherry,Total,1545000
2035,July,Puducherry,Male,757000
2035,July,Puducherry,Female,789000
2035,July,Odisha,Total,10348000
2035,July,Odisha,Male,5356000
2035,July,Odisha,Female,4992000
2035,July,Nagaland,Total,1552000
2035,July,Nagaland,Male,814000
2035,July,Nagaland,Female,739000
2035,July,Mizoram,Total,786000
2035,July,Mizoram,Male,394000
2035,July,Mizoram,Female,393000
2035,July,Meghalaya,Total,780000
2035,July,Meghalaya,Male,390000
2035,July,Meghalaya,Female,390000
2035,July,Manipur,Total,1263000
2035,July,Manipur,Male,623000
2035,July,Manipur,Female,639000
2035,July,Maharashtra,Total,70745000
2035,July,Maharashtra,Male,37176000
2035,July,Maharashtra,Female,33569000
2035,July,Madhya Pradesh,Total,29509000
2035,July,Madhya Pradesh,Male,15385000
2035,July,Madhya Pradesh,Female,14124000
2035,July,Lakshadweep,Total,71000
2035,July,Lakshadweep,Male,37000
2035,July,Lakshadweep,Female,34000
2035,July,Ladakh,Total,128000
2035,July,Ladakh,Male,84000
2035,July,Ladakh,Female,44000
2035,July,Kerala,Total,35338000
2035,July,Kerala,Male,16900000
2035,July,Kerala,Female,18438000
2035,July,Karnataka,Total,36186000
2035,July,Karnataka,Male,18434000
2035,July,Karnataka,Female,17752000
2035,July,Jharkhand,Total,12692000
2035,July,Jharkhand,Male,6645000
2035,July,Jharkhand,Female,6047000
2035,July,Jammu and Kashmir,Total,4961000
2035,July,Jammu and Kashmir,Male,2686000
2035,July,Jammu and Kashmir,Female,2275000
2035,July,Himachal Pradesh,Total,825000
2035,July,Himachal Pradesh,Male,445000
2035,July,Himachal Pradesh,Female,380000
2035,July,Haryana,Total,16863000
2035,July,Haryana,Male,9003000
2035,July,Haryana,Female,7860000
2035,July,Gujarat,Total,44214000
2035,July,Gujarat,Male,23518000
2035,July,Gujarat,Female,20696000
2035,July,Goa,Total,1454000
2035,July,Goa,Male,744000
2035,July,Goa,Female,711000
2035,July,Delhi,Total,26319000
2035,July,Delhi,Male,14089000
2035,July,Delhi,Female,12230000
2035,July,Daman and Diu,Total,1844000
2035,July,Daman and Diu,Male,1558000
2035,July,Daman and Diu,Female,287000
2035,July,Dadra and Nagar Haveli,Total,1312000
2035,July,Dadra and Nagar Haveli,Male,780000
2035,July,Dadra and Nagar Haveli,Female,532000
2035,July,Chhattisgarh,Total,10530000
2035,July,Chhattisgarh,Male,5383000
2035,July,Chhattisgarh,Female,5147000
2035,July,Chandigarh,Total,1354000
2035,July,Chandigarh,Male,743000
2035,July,Chandigarh,Female,611000
2035,July,Bihar,Total,19533000
2035,July,Bihar,Male,10308000
2035,July,Bihar,Female,9225000
2035,July,Assam,Total,6702000
2035,July,Assam,Male,3444000
2035,July,Assam,Female,3258000
2035,July,Arunachal Pradesh,Total,487000
2035,July,Arunachal Pradesh,Male,258000
2035,July,Arunachal Pradesh,Female,229000
2035,July,Andhra Pradesh,Total,24026000
2035,July,Andhra Pradesh,Male,12092000
2035,July,Andhra Pradesh,Female,11934000
2035,July,Andaman and Nicobar Islands,Total,211000
2035,July,Andaman and Nicobar Islands,Male,113000
2035,July,Andaman and Nicobar Islands,Female,98000
2035,July,All India,Total,589204000
2035,July,All India,Male,305803000
2035,July,All India,Female,283401000
2034,October,West Bengal,Total,42913000
2034,October,West Bengal,Male,22075000
2034,October,West Bengal,Female,20838000
2034,October,Uttarakhand,Total,5310000
2034,October,Uttarakhand,Male,2818000
2034,October,Uttarakhand,Female,2491000
2034,October,Uttar Pradesh,Total,66034000
2034,October,Uttar Pradesh,Male,34865000
2034,October,Uttar Pradesh,Female,31169000
2034,October,Tripura,Total,2367000
2034,October,Tripura,Male,1199000
2034,October,Tripura,Female,1167000
2034,October,Telangana,Total,22154000
2034,October,Telangana,Male,11149000
2034,October,Telangana,Female,11004000
2034,October,Tamil Nadu,Total,46036000
2034,October,Tamil Nadu,Male,23018000
2034,October,Tamil Nadu,Female,23018000
2034,October,Sikkim,Total,542000
2034,October,Sikkim,Male,283000
2034,October,Sikkim,Female,259000
2034,October,Rajasthan,Total,25315000
2034,October,Rajasthan,Male,13226000
2034,October,Rajasthan,Female,12089000
2034,October,Punjab,Total,14979000
2034,October,Punjab,Male,7989000
2034,October,Punjab,Female,6990000
2034,October,Puducherry,Total,1520000
2034,October,Puducherry,Male,744000
2034,October,Puducherry,Female,776000
2034,October,Odisha,Total,10253000
2034,October,Odisha,Male,5307000
2034,October,Odisha,Female,4946000
2034,October,Nagaland,Total,1520000
2034,October,Nagaland,Male,797000
2034,October,Nagaland,Female,723000
2034,October,Mizoram,Total,781000
2034,October,Mizoram,Male,391000
2034,October,Mizoram,Female,390000
2034,October,Meghalaya,Total,775000
2034,October,Meghalaya,Male,387000
2034,October,Meghalaya,Female,388000
2034,October,Manipur,Total,1250000
2034,October,Manipur,Male,617000
2034,October,Manipur,Female,633000
2034,October,Maharashtra,Total,70207000
2034,October,Maharashtra,Male,36893000
2034,October,Maharashtra,Female,33314000
2034,October,Madhya Pradesh,Total,29260000
2034,October,Madhya Pradesh,Male,15256000
2034,October,Madhya Pradesh,Female,14005000
2034,October,Lakshadweep,Total,71000
2034,October,Lakshadweep,Male,37000
2034,October,Lakshadweep,Female,34000
2034,October,Ladakh,Total,126000
2034,October,Ladakh,Male,82000
2034,October,Ladakh,Female,43000
2034,October,Kerala,Total,34992000
2034,October,Kerala,Male,16735000
2034,October,Kerala,Female,18258000
2034,October,Karnataka,Total,35822000
2034,October,Karnataka,Male,18249000
2034,October,Karnataka,Female,17574000
2034,October,Jharkhand,Total,12553000
2034,October,Jharkhand,Male,6572000
2034,October,Jharkhand,Female,5981000
2034,October,Jammu and Kashmir,Total,4912000
2034,October,Jammu and Kashmir,Male,2660000
2034,October,Jammu and Kashmir,Female,2253000
2034,October,Himachal Pradesh,Total,822000
2034,October,Himachal Pradesh,Male,444000
2034,October,Himachal Pradesh,Female,379000
2034,October,Haryana,Total,16606000
2034,October,Haryana,Male,8866000
2034,October,Haryana,Female,7740000
2034,October,Gujarat,Total,43651000
2034,October,Gujarat,Male,23219000
2034,October,Gujarat,Female,20433000
2034,October,Goa,Total,1440000
2034,October,Goa,Male,736000
2034,October,Goa,Female,704000
2034,October,Delhi,Total,26013000
2034,October,Delhi,Male,13926000
2034,October,Delhi,Female,12087000
2034,October,Daman and Diu,Total,1719000
2034,October,Daman and Diu,Male,1444000
2034,October,Daman and Diu,Female,276000
2034,October,Dadra and Nagar Haveli,Total,1243000
2034,October,Dadra and Nagar Haveli,Male,739000
2034,October,Dadra and Nagar Haveli,Female,504000
2034,October,Chhattisgarh,Total,10385000
2034,October,Chhattisgarh,Male,5309000
2034,October,Chhattisgarh,Female,5076000
2034,October,Chandigarh,Total,1348000
2034,October,Chandigarh,Male,740000
2034,October,Chandigarh,Female,608000
2034,October,Bihar,Total,19299000
2034,October,Bihar,Male,10184000
2034,October,Bihar,Female,9115000
2034,October,Assam,Total,6635000
2034,October,Assam,Male,3409000
2034,October,Assam,Female,3225000
2034,October,Arunachal Pradesh,Total,482000
2034,October,Arunachal Pradesh,Male,255000
2034,October,Arunachal Pradesh,Female,227000
2034,October,Andhra Pradesh,Total,23751000
2034,October,Andhra Pradesh,Male,11953000
2034,October,Andhra Pradesh,Female,11798000
2034,October,Andaman and Nicobar Islands,Total,209000
2034,October,Andaman and Nicobar Islands,Male,112000
2034,October,Andaman and Nicobar Islands,Female,98000
2034,October,All India,Total,583298000
2034,October,All India,Male,302685000
2034,October,All India,Female,280613000
2034,March,West Bengal,Total,42608000
2034,March,West Bengal,Male,21918000
2034,March,West Bengal,Female,20690000
2034,March,Uttarakhand,Total,5253000
2034,March,Uttarakhand,Male,2788000
2034,March,Uttarakhand,Female,2465000
2034,March,Uttar Pradesh,Total,65605000
2034,March,Uttar Pradesh,Male,34638000
2034,March,Uttar Pradesh,Female,30967000
2034,March,Tripura,Total,2328000
2034,March,Tripura,Male,1180000
2034,March,Tripura,Female,1148000
2034,March,Telangana,Total,22071000
2034,March,Telangana,Male,11108000
2034,March,Telangana,Female,10963000
2034,March,Tamil Nadu,Total,45824000
2034,March,Tamil Nadu,Male,22912000
2034,March,Tamil Nadu,Female,22912000
2034,March,Sikkim,Total,532000
2034,March,Sikkim,Male,278000
2034,March,Sikkim,Female,254000
2034,March,Rajasthan,Total,25130000
2034,March,Rajasthan,Male,13130000
2034,March,Rajasthan,Female,12000000
2034,March,Punjab,Total,14877000
2034,March,Punjab,Male,7934000
2034,March,Punjab,Female,6943000
2034,March,Puducherry,Total,1500000
2034,March,Puducherry,Male,735000
2034,March,Puducherry,Female,765000
2034,March,Odisha,Total,10179000
2034,March,Odisha,Male,5269000
2034,March,Odisha,Female,4910000
2034,March,Nagaland,Total,1495000
2034,March,Nagaland,Male,784000
2034,March,Nagaland,Female,711000
2034,March,Mizoram,Total,776000
2034,March,Mizoram,Male,388000
2034,March,Mizoram,Female,388000
2034,March,Meghalaya,Total,771000
2034,March,Meghalaya,Male,385000
2034,March,Meghalaya,Female,386000
2034,March,Manipur,Total,1240000
2034,March,Manipur,Male,612000
2034,March,Manipur,Female,628000
2034,March,Maharashtra,Total,69790000
2034,March,Maharashtra,Male,36674000
2034,March,Maharashtra,Female,33116000
2034,March,Madhya Pradesh,Total,29067000
2034,March,Madhya Pradesh,Male,15155000
2034,March,Madhya Pradesh,Female,13912000
2034,March,Lakshadweep,Total,71000
2034,March,Lakshadweep,Male,37000
2034,March,Lakshadweep,Female,34000
2034,March,Ladakh,Total,124000
2034,March,Ladakh,Male,81000
2034,March,Ladakh,Female,43000
2034,March,Kerala,Total,34713000
2034,March,Kerala,Male,16601000
2034,March,Kerala,Female,18112000
2034,March,Karnataka,Total,35540000
2034,March,Karnataka,Male,18105000
2034,March,Karnataka,Female,17435000
2034,March,Jharkhand,Total,12446000
2034,March,Jharkhand,Male,6516000
2034,March,Jharkhand,Female,5930000
2034,March,Jammu and Kashmir,Total,4875000
2034,March,Jammu and Kashmir,Male,2639000
2034,March,Jammu and Kashmir,Female,2236000
2034,March,Himachal Pradesh,Total,820000
2034,March,Himachal Pradesh,Male,443000
2034,March,Himachal Pradesh,Female,377000
2034,March,Haryana,Total,16406000
2034,March,Haryana,Male,8759000
2034,March,Haryana,Female,7647000
2034,March,Gujarat,Total,43215000
2034,March,Gujarat,Male,22987000
2034,March,Gujarat,Female,20228000
2034,March,Goa,Total,1429000
2034,March,Goa,Male,731000
2034,March,Goa,Female,698000
2034,March,Delhi,Total,25775000
2034,March,Delhi,Male,13798000
2034,March,Delhi,Female,11977000
2034,March,Daman and Diu,Total,1622000
2034,March,Daman and Diu,Male,1355000
2034,March,Daman and Diu,Female,267000
2034,March,Dadra and Nagar Haveli,Total,1189000
2034,March,Dadra and Nagar Haveli,Male,707000
2034,March,Dadra and Nagar Haveli,Female,482000
2034,March,Chhattisgarh,Total,10273000
2034,March,Chhattisgarh,Male,5252000
2034,March,Chhattisgarh,Female,5021000
2034,March,Chandigarh,Total,1343000
2034,March,Chandigarh,Male,737000
2034,March,Chandigarh,Female,606000
2034,March,Bihar,Total,19118000
2034,March,Bihar,Male,10089000
2034,March,Bihar,Female,9029000
2034,March,Assam,Total,6582000
2034,March,Assam,Male,3382000
2034,March,Assam,Female,3200000
2034,March,Arunachal Pradesh,Total,478000
2034,March,Arunachal Pradesh,Male,253000
2034,March,Arunachal Pradesh,Female,225000
2034,March,Andhra Pradesh,Total,23537000
2034,March,Andhra Pradesh,Male,11845000
2034,March,Andhra Pradesh,Female,11692000
2034,March,Andaman and Nicobar Islands,Total,208000
2034,March,Andaman and Nicobar Islands,Male,111000
2034,March,Andaman and Nicobar Islands,Female,97000
2034,March,All India,Total,578810000
2034,March,All India,Male,300316000
2034,March,All India,Female,278494000
2034,July,West Bengal,Total,42782000
2034,July,West Bengal,Male,22007000
2034,July,West Bengal,Female,20775000
2034,July,Uttarakhand,Total,5285000
2034,July,Uttarakhand,Male,2805000
2034,July,Uttarakhand,Female,2480000
2034,July,Uttar Pradesh,Total,65850000
2034,July,Uttar Pradesh,Male,34768000
2034,July,Uttar Pradesh,Female,31082000
2034,July,Tripura,Total,2350000
2034,July,Tripura,Male,1191000
2034,July,Tripura,Female,1159000
2034,July,Telangana,Total,22071000
2034,July,Telangana,Male,11108000
2034,July,Telangana,Female,10963000
2034,July,Tamil Nadu,Total,45945000
2034,July,Tamil Nadu,Male,22973000
2034,July,Tamil Nadu,Female,22973000
2034,July,Sikkim,Total,538000
2034,July,Sikkim,Male,281000
2034,July,Sikkim,Female,257000
2034,July,Rajasthan,Total,25236000
2034,July,Rajasthan,Male,13185000
2034,July,Rajasthan,Female,12051000
2034,July,Punjab,Total,14935000
2034,July,Punjab,Male,7965000
2034,July,Punjab,Female,6970000
2034,July,Puducherry,Total,1511000
2034,July,Puducherry,Male,740000
2034,July,Puducherry,Female,771000
2034,July,Odisha,Total,10222000
2034,July,Odisha,Male,5291000
2034,July,Odisha,Female,4931000
2034,July,Nagaland,Total,1509000
2034,July,Nagaland,Male,791000
2034,July,Nagaland,Female,718000
2034,July,Mizoram,Total,779000
2034,July,Mizoram,Male,390000
2034,July,Mizoram,Female,389000
2034,July,Meghalaya,Total,773000
2034,July,Meghalaya,Male,386000
2034,July,Meghalaya,Female,387000
2034,July,Manipur,Total,1246000
2034,July,Manipur,Male,615000
2034,July,Manipur,Female,631000
2034,July,Maharashtra,Total,70028000
2034,July,Maharashtra,Male,36799000
2034,July,Maharashtra,Female,33229000
2034,July,Madhya Pradesh,Total,29177000
2034,July,Madhya Pradesh,Male,15212000
2034,July,Madhya Pradesh,Female,13965000
2034,July,Lakshadweep,Total,71000
2034,July,Lakshadweep,Male,37000
2034,July,Lakshadweep,Female,34000
2034,July,Ladakh,Total,125000
2034,July,Ladakh,Male,82000
2034,July,Ladakh,Female,43000
2034,July,Kerala,Total,34873000
2034,July,Kerala,Male,16678000
2034,July,Kerala,Female,18195000
2034,July,Karnataka,Total,35701000
2034,July,Karnataka,Male,18187000
2034,July,Karnataka,Female,17514000
2034,July,Jharkhand,Total,12507000
2034,July,Jharkhand,Male,6548000
2034,July,Jharkhand,Female,5959000
2034,July,Jammu and Kashmir,Total,4896000
2034,July,Jammu and Kashmir,Male,2651000
2034,July,Jammu and Kashmir,Female,2245000
2034,July,Himachal Pradesh,Total,821000
2034,July,Himachal Pradesh,Male,443000
2034,July,Himachal Pradesh,Female,378000
2034,July,Haryana,Total,16520000
2034,July,Haryana,Male,8820000
2034,July,Haryana,Female,7700000
2034,July,Gujarat,Total,43464000
2034,July,Gujarat,Male,23119000
2034,July,Gujarat,Female,20345000
2034,July,Goa,Total,1435000
2034,July,Goa,Male,734000
2034,July,Goa,Female,702000
2034,July,Delhi,Total,25911000
2034,July,Delhi,Male,13871000
2034,July,Delhi,Female,12040000
2034,July,Daman and Diu,Total,1678000
2034,July,Daman and Diu,Male,1406000
2034,July,Daman and Diu,Female,272000
2034,July,Dadra and Nagar Haveli,Total,1220000
2034,July,Dadra and Nagar Haveli,Male,725000
2034,July,Dadra and Nagar Haveli,Female,495000
2034,July,Chhattisgarh,Total,10337000
2034,July,Chhattisgarh,Male,5285000
2034,July,Chhattisgarh,Female,5052000
2034,July,Chandigarh,Total,1346000
2034,July,Chandigarh,Male,739000
2034,July,Chandigarh,Female,607000
2034,July,Bihar,Total,19222000
2034,July,Bihar,Male,10143000
2034,July,Bihar,Female,9078000
2034,July,Assam,Total,6612000
2034,July,Assam,Male,3398000
2034,July,Assam,Female,3214000
2034,July,Arunachal Pradesh,Total,480000
2034,July,Arunachal Pradesh,Male,254000
2034,July,Arunachal Pradesh,Female,226000
2034,July,Andhra Pradesh,Total,23659000
2034,July,Andhra Pradesh,Male,11907000
2034,July,Andhra Pradesh,Female,11752000
2034,July,Andaman and Nicobar Islands,Total,209000
2034,July,Andaman and Nicobar Islands,Male,111000
2034,July,Andaman and Nicobar Islands,Female,97000
2034,July,All India,Total,581324000
2034,July,All India,Male,301645000
2034,July,All India,Female,279679000
2033,October,West Bengal,Total,42392000
2033,October,West Bengal,Male,21807000
2033,October,West Bengal,Female,20585000
2033,October,Uttarakhand,Total,5213000
2033,October,Uttarakhand,Male,2767000
2033,October,Uttarakhand,Female,2446000
2033,October,Uttar Pradesh,Total,65301000
2033,October,Uttar Pradesh,Male,34478000
2033,October,Uttar Pradesh,Female,30823000
2033,October,Tripura,Total,2301000
2033,October,Tripura,Male,1166000
2033,October,Tripura,Female,1135000
2033,October,Telangana,Total,21824000
2033,October,Telangana,Male,10984000
2033,October,Telangana,Female,10841000
2033,October,Tamil Nadu,Total,45673000
2033,October,Tamil Nadu,Male,22836000
2033,October,Tamil Nadu,Female,22836000
2033,October,Sikkim,Total,525000
2033,October,Sikkim,Male,274000
2033,October,Sikkim,Female,251000
2033,October,Rajasthan,Total,24999000
2033,October,Rajasthan,Male,13061000
2033,October,Rajasthan,Female,11938000
2033,October,Punjab,Total,14805000
2033,October,Punjab,Male,7896000
2033,October,Punjab,Female,6909000
2033,October,Puducherry,Total,1485000
2033,October,Puducherry,Male,727000
2033,October,Puducherry,Female,758000
2033,October,Odisha,Total,10127000
2033,October,Odisha,Male,5241000
2033,October,Odisha,Female,4885000
2033,October,Nagaland,Total,1477000
2033,October,Nagaland,Male,774000
2033,October,Nagaland,Female,703000
2033,October,Mizoram,Total,773000
2033,October,Mizoram,Male,387000
2033,October,Mizoram,Female,386000
2033,October,Meghalaya,Total,769000
2033,October,Meghalaya,Male,384000
2033,October,Meghalaya,Female,384000
2033,October,Manipur,Total,1233000
2033,October,Manipur,Male,609000
2033,October,Manipur,Female,624000
2033,October,Maharashtra,Total,69494000
2033,October,Maharashtra,Male,36518000
2033,October,Maharashtra,Female,32976000
2033,October,Madhya Pradesh,Total,28930000
2033,October,Madhya Pradesh,Male,15083000
2033,October,Madhya Pradesh,Female,13847000
2033,October,Lakshadweep,Total,71000
2033,October,Lakshadweep,Male,37000
2033,October,Lakshadweep,Female,34000
2033,October,Ladakh,Total,123000
2033,October,Ladakh,Male,80000
2033,October,Ladakh,Female,42000
2033,October,Kerala,Total,34497000
2033,October,Kerala,Male,16498000
2033,October,Kerala,Female,17999000
2033,October,Karnataka,Total,35340000
2033,October,Karnataka,Male,18003000
2033,October,Karnataka,Female,17337000
2033,October,Jharkhand,Total,12369000
2033,October,Jharkhand,Male,6476000
2033,October,Jharkhand,Female,5893000
2033,October,Jammu and Kashmir,Total,4848000
2033,October,Jammu and Kashmir,Male,2625000
2033,October,Jammu and Kashmir,Female,2223000
2033,October,Himachal Pradesh,Total,819000
2033,October,Himachal Pradesh,Male,442000
2033,October,Himachal Pradesh,Female,377000
2033,October,Haryana,Total,16264000
2033,October,Haryana,Male,8684000
2033,October,Haryana,Female,7581000
2033,October,Gujarat,Total,42905000
2033,October,Gujarat,Male,22822000
2033,October,Gujarat,Female,20083000
2033,October,Goa,Total,1421000
2033,October,Goa,Male,726000
2033,October,Goa,Female,694000
2033,October,Delhi,Total,25605000
2033,October,Delhi,Male,13707000
2033,October,Delhi,Female,11898000
2033,October,Daman and Diu,Total,1552000
2033,October,Daman and Diu,Male,1291000
2033,October,Daman and Diu,Female,261000
2033,October,Dadra and Nagar Haveli,Total,1151000
2033,October,Dadra and Nagar Haveli,Male,684000
2033,October,Dadra and Nagar Haveli,Female,467000
2033,October,Chhattisgarh,Total,10194000
2033,October,Chhattisgarh,Male,5212000
2033,October,Chhattisgarh,Female,4982000
2033,October,Chandigarh,Total,1340000
2033,October,Chandigarh,Male,735000
2033,October,Chandigarh,Female,604000
2033,October,Bihar,Total,18989000
2033,October,Bihar,Male,10021000
2033,October,Bihar,Female,8969000
2033,October,Assam,Total,6545000
2033,October,Assam,Male,3363000
2033,October,Assam,Female,3182000
2033,October,Arunachal Pradesh,Total,475000
2033,October,Arunachal Pradesh,Male,251000
2033,October,Arunachal Pradesh,Female,224000
2033,October,Andhra Pradesh,Total,23386000
2033,October,Andhra Pradesh,Male,11770000
2033,October,Andhra Pradesh,Female,11617000
2033,October,Andaman and Nicobar Islands,Total,207000
2033,October,Andaman and Nicobar Islands,Male,110000
2033,October,Andaman and Nicobar Islands,Female,96000
2033,October,All India,Total,575420000
2033,October,All India,Male,298529000
2033,October,All India,Female,276890000
2033,March,West Bengal,Total,42090000
2033,March,West Bengal,Male,21651000
2033,March,West Bengal,Female,20439000
2033,March,Uttarakhand,Total,5156000
2033,March,Uttarakhand,Male,2737000
2033,March,Uttarakhand,Female,2419000
2033,March,Uttar Pradesh,Total,64875000
2033,March,Uttar Pradesh,Male,34253000
2033,March,Uttar Pradesh,Female,30622000
2033,March,Tripura,Total,2263000
2033,March,Tripura,Male,1147000
2033,March,Tripura,Female,1116000
2033,March,Telangana,Total,21742000
2033,March,Telangana,Male,10942000
2033,March,Telangana,Female,10800000
2033,March,Tamil Nadu,Total,45461000
2033,March,Tamil Nadu,Male,22731000
2033,March,Tamil Nadu,Female,22731000
2033,March,Sikkim,Total,515000
2033,March,Sikkim,Male,269000
2033,March,Sikkim,Female,246000
2033,March,Rajasthan,Total,24815000
2033,March,Rajasthan,Male,12965000
2033,March,Rajasthan,Female,11850000
2033,March,Punjab,Total,14703000
2033,March,Punjab,Male,7842000
2033,March,Punjab,Female,6861000
2033,March,Puducherry,Total,1465000
2033,March,Puducherry,Male,717000
2033,March,Puducherry,Female,748000
2033,March,Odisha,Total,10053000
2033,March,Odisha,Male,5203000
2033,March,Odisha,Female,4850000
2033,March,Nagaland,Total,1452000
2033,March,Nagaland,Male,761000
2033,March,Nagaland,Female,691000
2033,March,Mizoram,Total,768000
2033,March,Mizoram,Male,384000
2033,March,Mizoram,Female,384000
2033,March,Meghalaya,Total,765000
2033,March,Meghalaya,Male,382000
2033,March,Meghalaya,Female,383000
2033,March,Manipur,Total,1223000
2033,March,Manipur,Male,604000
2033,March,Manipur,Female,619000
2033,March,Maharashtra,Total,69079000
2033,March,Maharashtra,Male,36300000
2033,March,Maharashtra,Female,32779000
2033,March,Madhya Pradesh,Total,28738000
2033,March,Madhya Pradesh,Male,14983000
2033,March,Madhya Pradesh,Female,13755000
2033,March,Lakshadweep,Total,71000
2033,March,Lakshadweep,Male,37000
2033,March,Lakshadweep,Female,34000
2033,March,Ladakh,Total,121000
2033,March,Ladakh,Male,79000
2033,March,Ladakh,Female,42000
2033,March,Kerala,Total,34195000
2033,March,Kerala,Male,16353000
2033,March,Kerala,Female,17842000
2033,March,Karnataka,Total,35060000
2033,March,Karnataka,Male,17860000
2033,March,Karnataka,Female,17200000
2033,March,Jharkhand,Total,12262000
2033,March,Jharkhand,Male,6420000
2033,March,Jharkhand,Female,5842000
2033,March,Jammu and Kashmir,Total,4811000
2033,March,Jammu and Kashmir,Male,2605000
2033,March,Jammu and Kashmir,Female,2206000
2033,March,Himachal Pradesh,Total,817000
2033,March,Himachal Pradesh,Male,441000
2033,March,Himachal Pradesh,Female,376000
2033,March,Haryana,Total,16066000
2033,March,Haryana,Male,8578000
2033,March,Haryana,Female,7488000
2033,March,Gujarat,Total,42472000
2033,March,Gujarat,Male,22591000
2033,March,Gujarat,Female,19881000
2033,March,Goa,Total,1409000
2033,March,Goa,Male,720000
2033,March,Goa,Female,689000
2033,March,Delhi,Total,25368000
2033,March,Delhi,Male,13580000
2033,March,Delhi,Female,11788000
2033,March,Daman and Diu,Total,1455000
2033,March,Daman and Diu,Male,1202000
2033,March,Daman and Diu,Female,253000
2033,March,Dadra and Nagar Haveli,Total,1097000
2033,March,Dadra and Nagar Haveli,Male,652000
2033,March,Dadra and Nagar Haveli,Female,445000
2033,March,Chhattisgarh,Total,10083000
2033,March,Chhattisgarh,Male,5155000
2033,March,Chhattisgarh,Female,4928000
2033,March,Chandigarh,Total,1335000
2033,March,Chandigarh,Male,733000
2033,March,Chandigarh,Female,602000
2033,March,Bihar,Total,18809000
2033,March,Bihar,Male,9926000
2033,March,Bihar,Female,8883000
2033,March,Assam,Total,6493000
2033,March,Assam,Male,3337000
2033,March,Assam,Female,3156000
2033,March,Arunachal Pradesh,Total,471000
2033,March,Arunachal Pradesh,Male,249000
2033,March,Arunachal Pradesh,Female,222000
2033,March,Andhra Pradesh,Total,23175000
2033,March,Andhra Pradesh,Male,11663000
2033,March,Andhra Pradesh,Female,11512000
2033,March,Andaman and Nicobar Islands,Total,205000
2033,March,Andaman and Nicobar Islands,Male,109000
2033,March,Andaman and Nicobar Islands,Female,96000
2033,March,All India,Total,570939000
2033,March,All India,Male,296161000
2033,March,All India,Female,274778000
2033,July,West Bengal,Total,42263000
2033,July,West Bengal,Male,21740000
2033,July,West Bengal,Female,20523000
2033,July,Uttarakhand,Total,5188000
2033,July,Uttarakhand,Male,2754000
2033,July,Uttarakhand,Female,2434000
2033,July,Uttar Pradesh,Total,65118000
2033,July,Uttar Pradesh,Male,34381000
2033,July,Uttar Pradesh,Female,30737000
2033,July,Tripura,Total,2285000
2033,July,Tripura,Male,1158000
2033,July,Tripura,Female,1127000
2033,July,Telangana,Total,21742000
2033,July,Telangana,Male,10942000
2033,July,Telangana,Female,10800000
2033,July,Tamil Nadu,Total,45582000
2033,July,Tamil Nadu,Male,22791000
2033,July,Tamil Nadu,Female,22791000
2033,July,Sikkim,Total,521000
2033,July,Sikkim,Male,272000
2033,July,Sikkim,Female,248000
2033,July,Rajasthan,Total,24920000
2033,July,Rajasthan,Male,13020000
2033,July,Rajasthan,Female,11900000
2033,July,Punjab,Total,14761000
2033,July,Punjab,Male,7873000
2033,July,Punjab,Female,6888000
2033,July,Puducherry,Total,1477000
2033,July,Puducherry,Male,723000
2033,July,Puducherry,Female,754000
2033,July,Odisha,Total,10095000
2033,July,Odisha,Male,5225000
2033,July,Odisha,Female,4870000
2033,July,Nagaland,Total,1466000
2033,July,Nagaland,Male,769000
2033,July,Nagaland,Female,698000
2033,July,Mizoram,Total,771000
2033,July,Mizoram,Male,386000
2033,July,Mizoram,Female,385000
2033,July,Meghalaya,Total,767000
2033,July,Meghalaya,Male,383000
2033,July,Meghalaya,Female,384000
2033,July,Manipur,Total,1229000
2033,July,Manipur,Male,606000
2033,July,Manipur,Female,622000
2033,July,Maharashtra,Total,69316000
2033,July,Maharashtra,Male,36425000
2033,July,Maharashtra,Female,32891000
2033,July,Madhya Pradesh,Total,28848000
2033,July,Madhya Pradesh,Male,15040000
2033,July,Madhya Pradesh,Female,13807000
2033,July,Lakshadweep,Total,71000
2033,July,Lakshadweep,Male,37000
2033,July,Lakshadweep,Female,34000
2033,July,Ladakh,Total,122000
2033,July,Ladakh,Male,80000
2033,July,Ladakh,Female,42000
2033,July,Kerala,Total,34368000
2033,July,Kerala,Male,16436000
2033,July,Kerala,Female,17932000
2033,July,Karnataka,Total,35220000
2033,July,Karnataka,Male,17942000
2033,July,Karnataka,Female,17278000
2033,July,Jharkhand,Total,12323000
2033,July,Jharkhand,Male,6452000
2033,July,Jharkhand,Female,5871000
2033,July,Jammu and Kashmir,Total,4832000
2033,July,Jammu and Kashmir,Male,2616000
2033,July,Jammu and Kashmir,Female,2216000
2033,July,Himachal Pradesh,Total,818000
2033,July,Himachal Pradesh,Male,441000
2033,July,Himachal Pradesh,Female,377000
2033,July,Haryana,Total,16179000
2033,July,Haryana,Male,8638000
2033,July,Haryana,Female,7541000
2033,July,Gujarat,Total,42720000
2033,July,Gujarat,Male,22723000
2033,July,Gujarat,Female,19996000
2033,July,Goa,Total,1416000
2033,July,Goa,Male,724000
2033,July,Goa,Female,692000
2033,July,Delhi,Total,25504000
2033,July,Delhi,Male,13653000
2033,July,Delhi,Female,11851000
2033,July,Daman and Diu,Total,1511000
2033,July,Daman and Diu,Male,1253000
2033,July,Daman and Diu,Female,258000
2033,July,Dadra and Nagar Haveli,Total,1128000
2033,July,Dadra and Nagar Haveli,Male,670000
2033,July,Dadra and Nagar Haveli,Female,457000
2033,July,Chhattisgarh,Total,10146000
2033,July,Chhattisgarh,Male,5187000
2033,July,Chhattisgarh,Female,4959000
2033,July,Chandigarh,Total,1338000
2033,July,Chandigarh,Male,734000
2033,July,Chandigarh,Female,603000
2033,July,Bihar,Total,18912000
2033,July,Bihar,Male,9980000
2033,July,Bihar,Female,8932000
2033,July,Assam,Total,6523000
2033,July,Assam,Male,3352000
2033,July,Assam,Female,3171000
2033,July,Arunachal Pradesh,Total,473000
2033,July,Arunachal Pradesh,Male,250000
2033,July,Arunachal Pradesh,Female,223000
2033,July,Andhra Pradesh,Total,23296000
2033,July,Andhra Pradesh,Male,11724000
2033,July,Andhra Pradesh,Female,11572000
2033,July,Andaman and Nicobar Islands,Total,206000
2033,July,Andaman and Nicobar Islands,Male,110000
2033,July,Andaman and Nicobar Islands,Female,96000
2033,July,All India,Total,573450000
2033,July,All India,Male,297490000
2033,July,All India,Female,275960000
2032,October,West Bengal,Total,41876000
2032,October,West Bengal,Male,21541000
2032,October,West Bengal,Female,20335000
2032,October,Uttarakhand,Total,5116000
2032,October,Uttarakhand,Male,2715000
2032,October,Uttarakhand,Female,2401000
2032,October,Uttar Pradesh,Total,64573000
2032,October,Uttar Pradesh,Male,34093000
2032,October,Uttar Pradesh,Female,30480000
2032,October,Tripura,Total,2236000
2032,October,Tripura,Male,1133000
2032,October,Tripura,Female,1103000
2032,October,Telangana,Total,21497000
2032,October,Telangana,Male,10819000
2032,October,Telangana,Female,10678000
2032,October,Tamil Nadu,Total,45311000
2032,October,Tamil Nadu,Male,22655000
2032,October,Tamil Nadu,Female,22655000
2032,October,Sikkim,Total,508000
2032,October,Sikkim,Male,265000
2032,October,Sikkim,Female,242000
2032,October,Rajasthan,Total,24685000
2032,October,Rajasthan,Male,12897000
2032,October,Rajasthan,Female,11788000
2032,October,Punjab,Total,14631000
2032,October,Punjab,Male,7803000
2032,October,Punjab,Female,6828000
2032,October,Puducherry,Total,1451000
2032,October,Puducherry,Male,710000
2032,October,Puducherry,Female,740000
2032,October,Odisha,Total,10001000
2032,October,Odisha,Male,5176000
2032,October,Odisha,Female,4824000
2032,October,Nagaland,Total,1434000
2032,October,Nagaland,Male,752000
2032,October,Nagaland,Female,682000
2032,October,Mizoram,Total,765000
2032,October,Mizoram,Male,383000
2032,October,Mizoram,Female,382000
2032,October,Meghalaya,Total,763000
2032,October,Meghalaya,Male,381000
2032,October,Meghalaya,Female,381000
2032,October,Manipur,Total,1216000
2032,October,Manipur,Male,600000
2032,October,Manipur,Female,616000
2032,October,Maharashtra,Total,68785000
2032,October,Maharashtra,Male,36145000
2032,October,Maharashtra,Female,32639000
2032,October,Madhya Pradesh,Total,28602000
2032,October,Madhya Pradesh,Male,14912000
2032,October,Madhya Pradesh,Female,13689000
2032,October,Lakshadweep,Total,71000
2032,October,Lakshadweep,Male,37000
2032,October,Lakshadweep,Female,34000
2032,October,Ladakh,Total,120000
2032,October,Ladakh,Male,78000
2032,October,Ladakh,Female,41000
2032,October,Kerala,Total,33964000
2032,October,Kerala,Male,16243000
2032,October,Kerala,Female,17721000
2032,October,Karnataka,Total,34862000
2032,October,Karnataka,Male,17759000
2032,October,Karnataka,Female,17102000
2032,October,Jharkhand,Total,12186000
2032,October,Jharkhand,Male,6380000
2032,October,Jharkhand,Female,5806000
2032,October,Jammu and Kashmir,Total,4784000
2032,October,Jammu and Kashmir,Male,2590000
2032,October,Jammu and Kashmir,Female,2194000
2032,October,Himachal Pradesh,Total,815000
2032,October,Himachal Pradesh,Male,440000
2032,October,Himachal Pradesh,Female,375000
2032,October,Haryana,Total,15926000
2032,October,Haryana,Male,8503000
2032,October,Haryana,Female,7423000
2032,October,Gujarat,Total,42165000
2032,October,Gujarat,Male,22428000
2032,October,Gujarat,Female,19737000
2032,October,Goa,Total,1401000
2032,October,Goa,Male,716000
2032,October,Goa,Female,685000
2032,October,Delhi,Total,25198000
2032,October,Delhi,Male,13489000
2032,October,Delhi,Female,11709000
2032,October,Daman and Diu,Total,1386000
2032,October,Daman and Diu,Male,1139000
2032,October,Daman and Diu,Female,247000
2032,October,Dadra and Nagar Haveli,Total,1059000
2032,October,Dadra and Nagar Haveli,Male,630000
2032,October,Dadra and Nagar Haveli,Female,429000
2032,October,Chhattisgarh,Total,10005000
2032,October,Chhattisgarh,Male,5115000
2032,October,Chhattisgarh,Female,4890000
2032,October,Chandigarh,Total,1331000
2032,October,Chandigarh,Male,731000
2032,October,Chandigarh,Female,601000
2032,October,Bihar,Total,18682000
2032,October,Bihar,Male,9858000
2032,October,Bihar,Female,8823000
2032,October,Assam,Total,6456000
2032,October,Assam,Male,3318000
2032,October,Assam,Female,3139000
2032,October,Arunachal Pradesh,Total,468000
2032,October,Arunachal Pradesh,Male,248000
2032,October,Arunachal Pradesh,Female,220000
2032,October,Andhra Pradesh,Total,23025000
2032,October,Andhra Pradesh,Male,11588000
2032,October,Andhra Pradesh,Female,11437000
2032,October,Andaman and Nicobar Islands,Total,204000
2032,October,Andaman and Nicobar Islands,Male,109000
2032,October,Andaman and Nicobar Islands,Female,95000
2032,October,All India,Total,567551000
2032,October,All India,Male,294379000
2032,October,All India,Female,273171000
2032,March,West Bengal,Total,41577000
2032,March,West Bengal,Male,21387000
2032,March,West Bengal,Female,20190000
2032,March,Uttarakhand,Total,5060000
2032,March,Uttarakhand,Male,2686000
2032,March,Uttarakhand,Female,2374000
2032,March,Uttar Pradesh,Total,64150000
2032,March,Uttar Pradesh,Male,33870000
2032,March,Uttar Pradesh,Female,30280000
2032,March,Tripura,Total,2199000
2032,March,Tripura,Male,1115000
2032,March,Tripura,Female,1084000
2032,March,Telangana,Total,21415000
2032,March,Telangana,Male,10778000
2032,March,Telangana,Female,10637000
2032,March,Tamil Nadu,Total,45100000
2032,March,Tamil Nadu,Male,22550000
2032,March,Tamil Nadu,Female,22550000
2032,March,Sikkim,Total,497000
2032,March,Sikkim,Male,260000
2032,March,Sikkim,Female,237000
2032,March,Rajasthan,Total,24502000
2032,March,Rajasthan,Male,12801000
2032,March,Rajasthan,Female,11701000
2032,March,Punjab,Total,14531000
2032,March,Punjab,Male,7750000
2032,March,Punjab,Female,6781000
2032,March,Puducherry,Total,1431000
2032,March,Puducherry,Male,701000
2032,March,Puducherry,Female,730000
2032,March,Odisha,Total,9928000
2032,March,Odisha,Male,5139000
2032,March,Odisha,Female,4789000
2032,March,Nagaland,Total,1409000
2032,March,Nagaland,Male,738000
2032,March,Nagaland,Female,671000
2032,March,Mizoram,Total,760000
2032,March,Mizoram,Male,380000
2032,March,Mizoram,Female,380000
2032,March,Meghalaya,Total,759000
2032,March,Meghalaya,Male,379000
2032,March,Meghalaya,Female,380000
2032,March,Manipur,Total,1207000
2032,March,Manipur,Male,596000
2032,March,Manipur,Female,611000
2032,March,Maharashtra,Total,68373000
2032,March,Maharashtra,Male,35929000
2032,March,Maharashtra,Female,32444000
2032,March,Madhya Pradesh,Total,28411000
2032,March,Madhya Pradesh,Male,14813000
2032,March,Madhya Pradesh,Female,13598000
2032,March,Lakshadweep,Total,71000
2032,March,Lakshadweep,Male,37000
2032,March,Lakshadweep,Female,34000
2032,March,Ladakh,Total,118000
2032,March,Ladakh,Male,77000
2032,March,Ladakh,Female,41000
2032,March,Kerala,Total,33640000
2032,March,Kerala,Male,16088000
2032,March,Kerala,Female,17552000
2032,March,Karnataka,Total,34584000
2032,March,Karnataka,Male,17618000
2032,March,Karnataka,Female,16966000
2032,March,Jharkhand,Total,12080000
2032,March,Jharkhand,Male,6325000
2032,March,Jharkhand,Female,5755000
2032,March,Jammu and Kashmir,Total,4747000
2032,March,Jammu and Kashmir,Male,2570000
2032,March,Jammu and Kashmir,Female,2177000
2032,March,Himachal Pradesh,Total,813000
2032,March,Himachal Pradesh,Male,439000
2032,March,Himachal Pradesh,Female,374000
2032,March,Haryana,Total,15730000
2032,March,Haryana,Male,8398000
2032,March,Haryana,Female,7332000
2032,March,Gujarat,Total,41734000
2032,March,Gujarat,Male,22199000
2032,March,Gujarat,Female,19535000
2032,March,Goa,Total,1389000
2032,March,Goa,Male,710000
2032,March,Goa,Female,679000
2032,March,Delhi,Total,24960000
2032,March,Delhi,Male,13362000
2032,March,Delhi,Female,11598000
2032,March,Daman and Diu,Total,1289000
2032,March,Daman and Diu,Male,1051000
2032,March,Daman and Diu,Female,238000
2032,March,Dadra and Nagar Haveli,Total,1006000
2032,March,Dadra and Nagar Haveli,Male,598000
2032,March,Dadra and Nagar Haveli,Female,408000
2032,March,Chhattisgarh,Total,9895000
2032,March,Chhattisgarh,Male,5059000
2032,March,Chhattisgarh,Female,4836000
2032,March,Chandigarh,Total,1326000
2032,March,Chandigarh,Male,728000
2032,March,Chandigarh,Female,598000
2032,March,Bihar,Total,18503000
2032,March,Bihar,Male,9764000
2032,March,Bihar,Female,8739000
2032,March,Assam,Total,6405000
2032,March,Assam,Male,3291000
2032,March,Assam,Female,3114000
2032,March,Arunachal Pradesh,Total,464000
2032,March,Arunachal Pradesh,Male,246000
2032,March,Arunachal Pradesh,Female,218000
2032,March,Andhra Pradesh,Total,22815000
2032,March,Andhra Pradesh,Male,11482000
2032,March,Andhra Pradesh,Female,11333000
2032,March,Andaman and Nicobar Islands,Total,202000
2032,March,Andaman and Nicobar Islands,Male,108000
2032,March,Andaman and Nicobar Islands,Female,94000
2032,March,All India,Total,563080000
2032,March,All India,Male,292022000
2032,March,All India,Female,271058000
2032,July,West Bengal,Total,41748000
2032,July,West Bengal,Male,21475000
2032,July,West Bengal,Female,20273000
2032,July,Uttarakhand,Total,5092000
2032,July,Uttarakhand,Male,2703000
2032,July,Uttarakhand,Female,2389000
2032,July,Uttar Pradesh,Total,64392000
2032,July,Uttar Pradesh,Male,33998000
2032,July,Uttar Pradesh,Female,30394000
2032,July,Tripura,Total,2220000
2032,July,Tripura,Male,1125000
2032,July,Tripura,Female,1095000
2032,July,Telangana,Total,21415000
2032,July,Telangana,Male,10778000
2032,July,Telangana,Female,10637000
2032,July,Tamil Nadu,Total,45220000
2032,July,Tamil Nadu,Male,22610000
2032,July,Tamil Nadu,Female,22610000
2032,July,Sikkim,Total,503000
2032,July,Sikkim,Male,263000
2032,July,Sikkim,Female,240000
2032,July,Rajasthan,Total,24606000
2032,July,Rajasthan,Male,12856000
2032,July,Rajasthan,Female,11750000
2032,July,Punjab,Total,14588000
2032,July,Punjab,Male,7780000
2032,July,Punjab,Female,6808000
2032,July,Puducherry,Total,1442000
2032,July,Puducherry,Male,706000
2032,July,Puducherry,Female,736000
2032,July,Odisha,Total,9969000
2032,July,Odisha,Male,5160000
2032,July,Odisha,Female,4809000
2032,July,Nagaland,Total,1423000
2032,July,Nagaland,Male,746000
2032,July,Nagaland,Female,677000
2032,July,Mizoram,Total,763000
2032,July,Mizoram,Male,382000
2032,July,Mizoram,Female,381000
2032,July,Meghalaya,Total,761000
2032,July,Meghalaya,Male,380000
2032,July,Meghalaya,Female,381000
2032,July,Manipur,Total,1212000
2032,July,Manipur,Male,598000
2032,July,Manipur,Female,614000
2032,July,Maharashtra,Total,68608000
2032,July,Maharashtra,Male,36053000
2032,July,Maharashtra,Female,32556000
2032,July,Madhya Pradesh,Total,28520000
2032,July,Madhya Pradesh,Male,14870000
2032,July,Madhya Pradesh,Female,13650000
2032,July,Lakshadweep,Total,71000
2032,July,Lakshadweep,Male,37000
2032,July,Lakshadweep,Female,34000
2032,July,Ladakh,Total,119000
2032,July,Ladakh,Male,78000
2032,July,Ladakh,Female,41000
2032,July,Kerala,Total,33825000
2032,July,Kerala,Male,16176000
2032,July,Kerala,Female,17649000
2032,July,Karnataka,Total,34743000
2032,July,Karnataka,Male,17699000
2032,July,Karnataka,Female,17044000
2032,July,Jharkhand,Total,12141000
2032,July,Jharkhand,Male,6356000
2032,July,Jharkhand,Female,5784000
2032,July,Jammu and Kashmir,Total,4768000
2032,July,Jammu and Kashmir,Male,2582000
2032,July,Jammu and Kashmir,Female,2187000
2032,July,Himachal Pradesh,Total,814000
2032,July,Himachal Pradesh,Male,439000
2032,July,Himachal Pradesh,Female,375000
2032,July,Haryana,Total,15842000
2032,July,Haryana,Male,8458000
2032,July,Haryana,Female,7384000
2032,July,Gujarat,Total,41980000
2032,July,Gujarat,Male,22330000
2032,July,Gujarat,Female,19650000
2032,July,Goa,Total,1396000
2032,July,Goa,Male,714000
2032,July,Goa,Female,682000
2032,July,Delhi,Total,25096000
2032,July,Delhi,Male,13435000
2032,July,Delhi,Female,11661000
2032,July,Daman and Diu,Total,1344000
2032,July,Daman and Diu,Male,1101000
2032,July,Daman and Diu,Female,243000
2032,July,Dadra and Nagar Haveli,Total,1036000
2032,July,Dadra and Nagar Haveli,Male,616000
2032,July,Dadra and Nagar Haveli,Female,420000
2032,July,Chhattisgarh,Total,9958000
2032,July,Chhattisgarh,Male,5091000
2032,July,Chhattisgarh,Female,4867000
2032,July,Chandigarh,Total,1329000
2032,July,Chandigarh,Male,729000
2032,July,Chandigarh,Female,600000
2032,July,Bihar,Total,18605000
2032,July,Bihar,Male,9818000
2032,July,Bihar,Female,8787000
2032,July,Assam,Total,6434000
2032,July,Assam,Male,3306000
2032,July,Assam,Female,3128000
2032,July,Arunachal Pradesh,Total,466000
2032,July,Arunachal Pradesh,Male,247000
2032,July,Arunachal Pradesh,Female,220000
2032,July,Andhra Pradesh,Total,22935000
2032,July,Andhra Pradesh,Male,11543000
2032,July,Andhra Pradesh,Female,11392000
2032,July,Andaman and Nicobar Islands,Total,203000
2032,July,Andaman and Nicobar Islands,Male,108000
2032,July,Andaman and Nicobar Islands,Female,95000
2032,July,All India,Total,565589000
2032,July,All India,Male,293346000
2032,July,All India,Female,272243000
2031,October,West Bengal,Total,41365000
2031,October,West Bengal,Male,21278000
2031,October,West Bengal,Female,20087000
2031,October,Uttarakhand,Total,5020000
2031,October,Uttarakhand,Male,2665000
2031,October,Uttarakhand,Female,2356000
2031,October,Uttar Pradesh,Total,63850000
2031,October,Uttar Pradesh,Male,33712000
2031,October,Uttar Pradesh,Female,30138000
2031,October,Tripura,Total,2173000
2031,October,Tripura,Male,1101000
2031,October,Tripura,Female,1072000
2031,October,Telangana,Total,21171000
2031,October,Telangana,Male,10655000
2031,October,Telangana,Female,10516000
2031,October,Tamil Nadu,Total,44951000
2031,October,Tamil Nadu,Male,22475000
2031,October,Tamil Nadu,Female,22475000
2031,October,Sikkim,Total,490000
2031,October,Sikkim,Male,256000
2031,October,Sikkim,Female,234000
2031,October,Rajasthan,Total,24373000
2031,October,Rajasthan,Male,12734000
2031,October,Rajasthan,Female,11639000
2031,October,Punjab,Total,14460000
2031,October,Punjab,Male,7712000
2031,October,Punjab,Female,6748000
2031,October,Puducherry,Total,1417000
2031,October,Puducherry,Male,694000
2031,October,Puducherry,Female,723000
2031,October,Odisha,Total,9876000
2031,October,Odisha,Male,5112000
2031,October,Odisha,Female,4764000
2031,October,Nagaland,Total,1392000
2031,October,Nagaland,Male,729000
2031,October,Nagaland,Female,662000
2031,October,Mizoram,Total,757000
2031,October,Mizoram,Male,379000
2031,October,Mizoram,Female,378000
2031,October,Meghalaya,Total,756000
2031,October,Meghalaya,Male,378000
2031,October,Meghalaya,Female,378000
2031,October,Manipur,Total,1200000
2031,October,Manipur,Male,592000
2031,October,Manipur,Female,608000
2031,October,Maharashtra,Total,68081000
2031,October,Maharashtra,Male,35775000
2031,October,Maharashtra,Female,32305000
2031,October,Madhya Pradesh,Total,28275000
2031,October,Madhya Pradesh,Male,14742000
2031,October,Madhya Pradesh,Female,13533000
2031,October,Lakshadweep,Total,71000
2031,October,Lakshadweep,Male,37000
2031,October,Lakshadweep,Female,34000
2031,October,Ladakh,Total,117000
2031,October,Ladakh,Male,77000
2031,October,Ladakh,Female,40000
2031,October,Kerala,Total,33395000
2031,October,Kerala,Male,15971000
2031,October,Kerala,Female,17424000
2031,October,Karnataka,Total,34387000
2031,October,Karnataka,Male,17518000
2031,October,Karnataka,Female,16869000
2031,October,Jharkhand,Total,12005000
2031,October,Jharkhand,Male,6285000
2031,October,Jharkhand,Female,5719000
2031,October,Jammu and Kashmir,Total,4721000
2031,October,Jammu and Kashmir,Male,2556000
2031,October,Jammu and Kashmir,Female,2165000
2031,October,Himachal Pradesh,Total,812000
2031,October,Himachal Pradesh,Male,438000
2031,October,Himachal Pradesh,Female,374000
2031,October,Haryana,Total,15591000
2031,October,Haryana,Male,8324000
2031,October,Haryana,Female,7267000
2031,October,Gujarat,Total,41429000
2031,October,Gujarat,Male,22037000
2031,October,Gujarat,Female,19392000
2031,October,Goa,Total,1381000
2031,October,Goa,Male,706000
2031,October,Goa,Female,675000
2031,October,Delhi,Total,24790000
2031,October,Delhi,Male,13271000
2031,October,Delhi,Female,11519000
2031,October,Daman and Diu,Total,1219000
2031,October,Daman and Diu,Male,987000
2031,October,Daman and Diu,Female,232000
2031,October,Dadra and Nagar Haveli,Total,969000
2031,October,Dadra and Nagar Haveli,Male,576000
2031,October,Dadra and Nagar Haveli,Female,393000
2031,October,Chhattisgarh,Total,9817000
2031,October,Chhattisgarh,Male,5019000
2031,October,Chhattisgarh,Female,4798000
2031,October,Chandigarh,Total,1323000
2031,October,Chandigarh,Male,726000
2031,October,Chandigarh,Female,597000
2031,October,Bihar,Total,18376000
2031,October,Bihar,Male,9697000
2031,October,Bihar,Female,8679000
2031,October,Assam,Total,6369000
2031,October,Assam,Male,3273000
2031,October,Assam,Female,3096000
2031,October,Arunachal Pradesh,Total,462000
2031,October,Arunachal Pradesh,Male,244000
2031,October,Arunachal Pradesh,Female,217000
2031,October,Andhra Pradesh,Total,22667000
2031,October,Andhra Pradesh,Male,11407000
2031,October,Andhra Pradesh,Female,11259000
2031,October,Andaman and Nicobar Islands,Total,201000
2031,October,Andaman and Nicobar Islands,Male,107000
2031,October,Andaman and Nicobar Islands,Female,94000
2031,October,All India,Total,559704000
2031,October,All India,Male,290245000
2031,October,All India,Female,269459000
2031,March,West Bengal,Total,41068000
2031,March,West Bengal,Male,21126000
2031,March,West Bengal,Female,19942000
2031,March,Uttarakhand,Total,4965000
2031,March,Uttarakhand,Male,2635000
2031,March,Uttarakhand,Female,2330000
2031,March,Uttar Pradesh,Total,63430000
2031,March,Uttar Pradesh,Male,33490000
2031,March,Uttar Pradesh,Female,29940000
2031,March,Tripura,Total,2136000
2031,March,Tripura,Male,1083000
2031,March,Tripura,Female,1053000
2031,March,Telangana,Total,21090000
2031,March,Telangana,Male,10614000
2031,March,Telangana,Female,10476000
2031,March,Tamil Nadu,Total,44742000
2031,March,Tamil Nadu,Male,22371000
2031,March,Tamil Nadu,Female,22371000
2031,March,Sikkim,Total,480000
2031,March,Sikkim,Male,251000
2031,March,Sikkim,Female,229000
2031,March,Rajasthan,Total,24192000
2031,March,Rajasthan,Male,12639000
2031,March,Rajasthan,Female,11553000
2031,March,Punjab,Total,14360000
2031,March,Punjab,Male,7659000
2031,March,Punjab,Female,6701000
2031,March,Puducherry,Total,1397000
2031,March,Puducherry,Male,684000
2031,March,Puducherry,Female,713000
2031,March,Odisha,Total,9804000
2031,March,Odisha,Male,5075000
2031,March,Odisha,Female,4729000
2031,March,Nagaland,Total,1367000
2031,March,Nagaland,Male,716000
2031,March,Nagaland,Female,651000
2031,March,Mizoram,Total,753000
2031,March,Mizoram,Male,377000
2031,March,Mizoram,Female,376000
2031,March,Meghalaya,Total,752000
2031,March,Meghalaya,Male,376000
2031,March,Meghalaya,Female,376000
2031,March,Manipur,Total,1190000
2031,March,Manipur,Male,587000
2031,March,Manipur,Female,603000
2031,March,Maharashtra,Total,67671000
2031,March,Maharashtra,Male,35560000
2031,March,Maharashtra,Female,32111000
2031,March,Madhya Pradesh,Total,28085000
2031,March,Madhya Pradesh,Male,14643000
2031,March,Madhya Pradesh,Female,13442000
2031,March,Lakshadweep,Total,71000
2031,March,Lakshadweep,Male,37000
2031,March,Lakshadweep,Female,34000
2031,March,Ladakh,Total,115000
2031,March,Ladakh,Male,75000
2031,March,Ladakh,Female,40000
2031,March,Kerala,Total,33051000
2031,March,Kerala,Male,15806000
2031,March,Kerala,Female,17245000
2031,March,Karnataka,Total,34111000
2031,March,Karnataka,Male,17377000
2031,March,Karnataka,Female,16734000
2031,March,Jharkhand,Total,11899000
2031,March,Jharkhand,Male,6230000
2031,March,Jharkhand,Female,5669000
2031,March,Jammu and Kashmir,Total,4684000
2031,March,Jammu and Kashmir,Male,2536000
2031,March,Jammu and Kashmir,Female,2148000
2031,March,Himachal Pradesh,Total,810000
2031,March,Himachal Pradesh,Male,437000
2031,March,Himachal Pradesh,Female,373000
2031,March,Haryana,Total,15397000
2031,March,Haryana,Male,8221000
2031,March,Haryana,Female,7176000
2031,March,Gujarat,Total,41002000
2031,March,Gujarat,Male,21810000
2031,March,Gujarat,Female,19192000
2031,March,Goa,Total,1369000
2031,March,Goa,Male,700000
2031,March,Goa,Female,669000
2031,March,Delhi,Total,24551000
2031,March,Delhi,Male,13143000
2031,March,Delhi,Female,11408000
2031,March,Daman and Diu,Total,1122000
2031,March,Daman and Diu,Male,898000
2031,March,Daman and Diu,Female,224000
2031,March,Dadra and Nagar Haveli,Total,916000
2031,March,Dadra and Nagar Haveli,Male,545000
2031,March,Dadra and Nagar Haveli,Female,371000
2031,March,Chhattisgarh,Total,9708000
2031,March,Chhattisgarh,Male,4963000
2031,March,Chhattisgarh,Female,4745000
2031,March,Chandigarh,Total,1318000
2031,March,Chandigarh,Male,723000
2031,March,Chandigarh,Female,595000
2031,March,Bihar,Total,18199000
2031,March,Bihar,Male,9604000
2031,March,Bihar,Female,8595000
2031,March,Assam,Total,6318000
2031,March,Assam,Male,3247000
2031,March,Assam,Female,3071000
2031,March,Arunachal Pradesh,Total,458000
2031,March,Arunachal Pradesh,Male,242000
2031,March,Arunachal Pradesh,Female,216000
2031,March,Andhra Pradesh,Total,22459000
2031,March,Andhra Pradesh,Male,11303000
2031,March,Andhra Pradesh,Female,11156000
2031,March,Andaman and Nicobar Islands,Total,200000
2031,March,Andaman and Nicobar Islands,Male,107000
2031,March,Andaman and Nicobar Islands,Female,93000
2031,March,All India,Total,555240000
2031,March,All India,Male,287890000
2031,March,All India,Female,267350000
2031,July,West Bengal,Total,41238000
2031,July,West Bengal,Male,21213000
2031,July,West Bengal,Female,20025000
2031,July,Uttarakhand,Total,4997000
2031,July,Uttarakhand,Male,2652000
2031,July,Uttarakhand,Female,2345000
2031,July,Uttar Pradesh,Total,63670000
2031,July,Uttar Pradesh,Male,33617000
2031,July,Uttar Pradesh,Female,30053000
2031,July,Tripura,Total,2157000
2031,July,Tripura,Male,1093000
2031,July,Tripura,Female,1064000
2031,July,Telangana,Total,21090000
2031,July,Telangana,Male,10614000
2031,July,Telangana,Female,10476000
2031,July,Tamil Nadu,Total,44861000
2031,July,Tamil Nadu,Male,22431000
2031,July,Tamil Nadu,Female,22431000
2031,July,Sikkim,Total,486000
2031,July,Sikkim,Male,254000
2031,July,Sikkim,Female,232000
2031,July,Rajasthan,Total,24295000
2031,July,Rajasthan,Male,12693000
2031,July,Rajasthan,Female,11602000
2031,July,Punjab,Total,14417000
2031,July,Punjab,Male,7689000
2031,July,Punjab,Female,6728000
2031,July,Puducherry,Total,1408000
2031,July,Puducherry,Male,690000
2031,July,Puducherry,Female,719000
2031,July,Odisha,Total,9845000
2031,July,Odisha,Male,5096000
2031,July,Odisha,Female,4749000
2031,July,Nagaland,Total,1381000
2031,July,Nagaland,Male,724000
2031,July,Nagaland,Female,657000
2031,July,Mizoram,Total,755000
2031,July,Mizoram,Male,378000
2031,July,Mizoram,Female,377000
2031,July,Meghalaya,Total,754000
2031,July,Meghalaya,Male,377000
2031,July,Meghalaya,Female,377000
2031,July,Manipur,Total,1196000
2031,July,Manipur,Male,590000
2031,July,Manipur,Female,606000
2031,July,Maharashtra,Total,67905000
2031,July,Maharashtra,Male,35683000
2031,July,Maharashtra,Female,32222000
2031,July,Madhya Pradesh,Total,28194000
2031,July,Madhya Pradesh,Male,14700000
2031,July,Madhya Pradesh,Female,13494000
2031,July,Lakshadweep,Total,71000
2031,July,Lakshadweep,Male,37000
2031,July,Lakshadweep,Female,34000
2031,July,Ladakh,Total,116000
2031,July,Ladakh,Male,76000
2031,July,Ladakh,Female,40000
2031,July,Kerala,Total,33247000
2031,July,Kerala,Male,15900000
2031,July,Kerala,Female,17347000
2031,July,Karnataka,Total,34269000
2031,July,Karnataka,Male,17457000
2031,July,Karnataka,Female,16811000
2031,July,Jharkhand,Total,11959000
2031,July,Jharkhand,Male,6261000
2031,July,Jharkhand,Female,5698000
2031,July,Jammu and Kashmir,Total,4705000
2031,July,Jammu and Kashmir,Male,2547000
2031,July,Jammu and Kashmir,Female,2158000
2031,July,Himachal Pradesh,Total,811000
2031,July,Himachal Pradesh,Male,438000
2031,July,Himachal Pradesh,Female,373000
2031,July,Haryana,Total,15508000
2031,July,Haryana,Male,8280000
2031,July,Haryana,Female,7228000
2031,July,Gujarat,Total,41246000
2031,July,Gujarat,Male,21939000
2031,July,Gujarat,Female,19307000
2031,July,Goa,Total,1376000
2031,July,Goa,Male,703000
2031,July,Goa,Female,672000
2031,July,Delhi,Total,24687000
2031,July,Delhi,Male,13216000
2031,July,Delhi,Female,11471000
2031,July,Daman and Diu,Total,1178000
2031,July,Daman and Diu,Male,949000
2031,July,Daman and Diu,Female,229000
2031,July,Dadra and Nagar Haveli,Total,946000
2031,July,Dadra and Nagar Haveli,Male,562000
2031,July,Dadra and Nagar Haveli,Female,384000
2031,July,Chhattisgarh,Total,9770000
2031,July,Chhattisgarh,Male,4995000
2031,July,Chhattisgarh,Female,4775000
2031,July,Chandigarh,Total,1321000
2031,July,Chandigarh,Male,725000
2031,July,Chandigarh,Female,596000
2031,July,Bihar,Total,18300000
2031,July,Bihar,Male,9657000
2031,July,Bihar,Female,8643000
2031,July,Assam,Total,6347000
2031,July,Assam,Male,3262000
2031,July,Assam,Female,3085000
2031,July,Arunachal Pradesh,Total,460000
2031,July,Arunachal Pradesh,Male,243000
2031,July,Arunachal Pradesh,Female,217000
2031,July,Andhra Pradesh,Total,22578000
2031,July,Andhra Pradesh,Male,11363000
2031,July,Andhra Pradesh,Female,11215000
2031,July,Andaman and Nicobar Islands,Total,201000
2031,July,Andaman and Nicobar Islands,Male,107000
2031,July,Andaman and Nicobar Islands,Female,94000
2031,July,All India,Total,557745000
2031,July,All India,Male,289211000
2031,July,All India,Female,268534000
2030,October,West Bengal,Total,40828000
2030,October,West Bengal,Male,21002000
2030,October,West Bengal,Female,19826000
2030,October,Uttarakhand,Total,4923000
2030,October,Uttarakhand,Male,2613000
2030,October,Uttarakhand,Female,2310000
2030,October,Uttar Pradesh,Total,63089000
2030,October,Uttar Pradesh,Male,33310000
2030,October,Uttar Pradesh,Female,29779000
2030,October,Tripura,Total,2109000
2030,October,Tripura,Male,1069000
2030,October,Tripura,Female,1040000
2030,October,Telangana,Total,20834000
2030,October,Telangana,Male,10485000
2030,October,Telangana,Female,10349000
2030,October,Tamil Nadu,Total,44567000
2030,October,Tamil Nadu,Male,22284000
2030,October,Tamil Nadu,Female,22284000
2030,October,Sikkim,Total,473000
2030,October,Sikkim,Male,247000
2030,October,Sikkim,Female,226000
2030,October,Rajasthan,Total,24059000
2030,October,Rajasthan,Male,12570000
2030,October,Rajasthan,Female,11489000
2030,October,Punjab,Total,14283000
2030,October,Punjab,Male,7617000
2030,October,Punjab,Female,6665000
2030,October,Puducherry,Total,1384000
2030,October,Puducherry,Male,678000
2030,October,Puducherry,Female,706000
2030,October,Odisha,Total,9747000
2030,October,Odisha,Male,5045000
2030,October,Odisha,Female,4702000
2030,October,Nagaland,Total,1349000
2030,October,Nagaland,Male,707000
2030,October,Nagaland,Female,642000
2030,October,Mizoram,Total,749000
2030,October,Mizoram,Male,375000
2030,October,Mizoram,Female,374000
2030,October,Meghalaya,Total,749000
2030,October,Meghalaya,Male,374000
2030,October,Meghalaya,Female,375000
2030,October,Manipur,Total,1183000
2030,October,Manipur,Male,584000
2030,October,Manipur,Female,599000
2030,October,Maharashtra,Total,67345000
2030,October,Maharashtra,Male,35389000
2030,October,Maharashtra,Female,31956000
2030,October,Madhya Pradesh,Total,27934000
2030,October,Madhya Pradesh,Male,14564000
2030,October,Madhya Pradesh,Female,13370000
2030,October,Lakshadweep,Total,71000
2030,October,Lakshadweep,Male,36000
2030,October,Lakshadweep,Female,34000
2030,October,Ladakh,Total,114000
2030,October,Ladakh,Male,75000
2030,October,Ladakh,Female,39000
2030,October,Kerala,Total,32775000
2030,October,Kerala,Male,15674000
2030,October,Kerala,Female,17101000
2030,October,Karnataka,Total,33900000
2030,October,Karnataka,Male,17270000
2030,October,Karnataka,Female,16631000
2030,October,Jharkhand,Total,11817000
2030,October,Jharkhand,Male,6187000
2030,October,Jharkhand,Female,5630000
2030,October,Jammu and Kashmir,Total,4656000
2030,October,Jammu and Kashmir,Male,2521000
2030,October,Jammu and Kashmir,Female,2135000
2030,October,Himachal Pradesh,Total,808000
2030,October,Himachal Pradesh,Male,436000
2030,October,Himachal Pradesh,Female,372000
2030,October,Haryana,Total,15255000
2030,October,Haryana,Male,8144000
2030,October,Haryana,Female,7110000
2030,October,Gujarat,Total,40680000
2030,October,Gujarat,Male,21638000
2030,October,Gujarat,Female,19041000
2030,October,Goa,Total,1360000
2030,October,Goa,Male,695000
2030,October,Goa,Female,665000
2030,October,Delhi,Total,24381000
2030,October,Delhi,Male,13052000
2030,October,Delhi,Female,11329000
2030,October,Daman and Diu,Total,1086000
2030,October,Daman and Diu,Male,866000
2030,October,Daman and Diu,Female,219000
2030,October,Dadra and Nagar Haveli,Total,890000
2030,October,Dadra and Nagar Haveli,Male,529000
2030,October,Dadra and Nagar Haveli,Female,361000
2030,October,Chhattisgarh,Total,9628000
2030,October,Chhattisgarh,Male,4922000
2030,October,Chhattisgarh,Female,4706000
2030,October,Chandigarh,Total,1314000
2030,October,Chandigarh,Male,721000
2030,October,Chandigarh,Female,593000
2030,October,Bihar,Total,18060000
2030,October,Bihar,Male,9530000
2030,October,Bihar,Female,8530000
2030,October,Assam,Total,6278000
2030,October,Assam,Male,3226000
2030,October,Assam,Female,3052000
2030,October,Arunachal Pradesh,Total,455000
2030,October,Arunachal Pradesh,Male,241000
2030,October,Arunachal Pradesh,Female,214000
2030,October,Andhra Pradesh,Total,22299000
2030,October,Andhra Pradesh,Male,11222000
2030,October,Andhra Pradesh,Female,11076000
2030,October,Andaman and Nicobar Islands,Total,199000
2030,October,Andaman and Nicobar Islands,Male,106000
2030,October,Andaman and Nicobar Islands,Female,93000
2030,October,All India,Total,551627000
2030,October,All India,Male,286004000
2030,October,All India,Female,265623000
2030,March,West Bengal,Total,40493000
2030,March,West Bengal,Male,20830000
2030,March,West Bengal,Female,19663000
2030,March,Uttarakhand,Total,4864000
2030,March,Uttarakhand,Male,2582000
2030,March,Uttarakhand,Female,2282000
2030,March,Uttar Pradesh,Total,62611000
2030,March,Uttar Pradesh,Male,33058000
2030,March,Uttar Pradesh,Female,29553000
2030,March,Tripura,Total,2070000
2030,March,Tripura,Male,1049000
2030,March,Tripura,Female,1021000
2030,March,Telangana,Total,20745000
2030,March,Telangana,Male,10441000
2030,March,Telangana,Female,10305000
2030,March,Tamil Nadu,Total,44322000
2030,March,Tamil Nadu,Male,22161000
2030,March,Tamil Nadu,Female,22161000
2030,March,Sikkim,Total,462000
2030,March,Sikkim,Male,242000
2030,March,Sikkim,Female,220000
2030,March,Rajasthan,Total,23872000
2030,March,Rajasthan,Male,12472000
2030,March,Rajasthan,Female,11400000
2030,March,Punjab,Total,14174000
2030,March,Punjab,Male,7559000
2030,March,Punjab,Female,6615000
2030,March,Puducherry,Total,1365000
2030,March,Puducherry,Male,668000
2030,March,Puducherry,Female,697000
2030,March,Odisha,Total,9668000
2030,March,Odisha,Male,5004000
2030,March,Odisha,Female,4664000
2030,March,Nagaland,Total,1323000
2030,March,Nagaland,Male,693000
2030,March,Nagaland,Female,630000
2030,March,Mizoram,Total,744000
2030,March,Mizoram,Male,372000
2030,March,Mizoram,Female,372000
2030,March,Meghalaya,Total,745000
2030,March,Meghalaya,Male,372000
2030,March,Meghalaya,Female,373000
2030,March,Manipur,Total,1172000
2030,March,Manipur,Male,578000
2030,March,Manipur,Female,594000
2030,March,Maharashtra,Total,66889000
2030,March,Maharashtra,Male,35149000
2030,March,Maharashtra,Female,31740000
2030,March,Madhya Pradesh,Total,27723000
2030,March,Madhya Pradesh,Male,14454000
2030,March,Madhya Pradesh,Female,13269000
2030,March,Lakshadweep,Total,70000
2030,March,Lakshadweep,Male,36000
2030,March,Lakshadweep,Female,34000
2030,March,Ladakh,Total,112000
2030,March,Ladakh,Male,73000
2030,March,Ladakh,Female,39000
2030,March,Kerala,Total,32388000
2030,March,Kerala,Male,15489000
2030,March,Kerala,Female,16899000
2030,March,Karnataka,Total,33605000
2030,March,Karnataka,Male,17119000
2030,March,Karnataka,Female,16486000
2030,March,Jharkhand,Total,11703000
2030,March,Jharkhand,Male,6127000
2030,March,Jharkhand,Female,5576000
2030,March,Jammu and Kashmir,Total,4616000
2030,March,Jammu and Kashmir,Male,2499000
2030,March,Jammu and Kashmir,Female,2117000
2030,March,Himachal Pradesh,Total,805000
2030,March,Himachal Pradesh,Male,434000
2030,March,Himachal Pradesh,Female,371000
2030,March,Haryana,Total,15055000
2030,March,Haryana,Male,8038000
2030,March,Haryana,Female,7017000
2030,March,Gujarat,Total,40228000
2030,March,Gujarat,Male,21398000
2030,March,Gujarat,Female,18830000
2030,March,Goa,Total,1348000
2030,March,Goa,Male,689000
2030,March,Goa,Female,659000
2030,March,Delhi,Total,24144000
2030,March,Delhi,Male,12925000
2030,March,Delhi,Female,11219000
2030,March,Daman and Diu,Total,1035000
2030,March,Daman and Diu,Male,822000
2030,March,Daman and Diu,Female,213000
2030,March,Dadra and Nagar Haveli,Total,854000
2030,March,Dadra and Nagar Haveli,Male,508000
2030,March,Dadra and Nagar Haveli,Female,346000
2030,March,Chhattisgarh,Total,9515000
2030,March,Chhattisgarh,Male,4865000
2030,March,Chhattisgarh,Female,4650000
2030,March,Chandigarh,Total,1308000
2030,March,Chandigarh,Male,718000
2030,March,Chandigarh,Female,590000
2030,March,Bihar,Total,17865000
2030,March,Bihar,Male,9427000
2030,March,Bihar,Female,8438000
2030,March,Assam,Total,6222000
2030,March,Assam,Male,3197000
2030,March,Assam,Female,3025000
2030,March,Arunachal Pradesh,Total,451000
2030,March,Arunachal Pradesh,Male,239000
2030,March,Arunachal Pradesh,Female,212000
2030,March,Andhra Pradesh,Total,22074000
2030,March,Andhra Pradesh,Male,11109000
2030,March,Andhra Pradesh,Female,10965000
2030,March,Andaman and Nicobar Islands,Total,197000
2030,March,Andaman and Nicobar Islands,Male,105000
2030,March,Andaman and Nicobar Islands,Female,92000
2030,March,All India,Total,546838000
2030,March,All India,Male,283501000
2030,March,All India,Female,263337000
2030,July,West Bengal,Total,40685000
2030,July,West Bengal,Male,20928000
2030,July,West Bengal,Female,19756000
2030,July,Uttarakhand,Total,4898000
2030,July,Uttarakhand,Male,2600000
2030,July,Uttarakhand,Female,2298000
2030,July,Uttar Pradesh,Total,62884000
2030,July,Uttar Pradesh,Male,33202000
2030,July,Uttar Pradesh,Female,29682000
2030,July,Tripura,Total,2092000
2030,July,Tripura,Male,1060000
2030,July,Tripura,Female,1032000
2030,July,Telangana,Total,20745000
2030,July,Telangana,Male,10441000
2030,July,Telangana,Female,10305000
2030,July,Tamil Nadu,Total,44462000
2030,July,Tamil Nadu,Male,22231000
2030,July,Tamil Nadu,Female,22231000
2030,July,Sikkim,Total,468000
2030,July,Sikkim,Male,245000
2030,July,Sikkim,Female,223000
2030,July,Rajasthan,Total,23979000
2030,July,Rajasthan,Male,12528000
2030,July,Rajasthan,Female,11451000
2030,July,Punjab,Total,14236000
2030,July,Punjab,Male,7593000
2030,July,Punjab,Female,6643000
2030,July,Puducherry,Total,1376000
2030,July,Puducherry,Male,674000
2030,July,Puducherry,Female,702000
2030,July,Odisha,Total,9714000
2030,July,Odisha,Male,5028000
2030,July,Odisha,Female,4686000
2030,July,Nagaland,Total,1338000
2030,July,Nagaland,Male,701000
2030,July,Nagaland,Female,637000
2030,July,Mizoram,Total,747000
2030,July,Mizoram,Male,374000
2030,July,Mizoram,Female,373000
2030,July,Meghalaya,Total,747000
2030,July,Meghalaya,Male,373000
2030,July,Meghalaya,Female,374000
2030,July,Manipur,Total,1178000
2030,July,Manipur,Male,581000
2030,July,Manipur,Female,597000
2030,July,Maharashtra,Total,67150000
2030,July,Maharashtra,Male,35286000
2030,July,Maharashtra,Female,31863000
2030,July,Madhya Pradesh,Total,27844000
2030,July,Madhya Pradesh,Male,14517000
2030,July,Madhya Pradesh,Female,13327000
2030,July,Lakshadweep,Total,70000
2030,July,Lakshadweep,Male,36000
2030,July,Lakshadweep,Female,34000
2030,July,Ladakh,Total,113000
2030,July,Ladakh,Male,74000
2030,July,Ladakh,Female,39000
2030,July,Kerala,Total,32609000
2030,July,Kerala,Male,15595000
2030,July,Kerala,Female,17014000
2030,July,Karnataka,Total,33774000
2030,July,Karnataka,Male,17205000
2030,July,Karnataka,Female,16569000
2030,July,Jharkhand,Total,11768000
2030,July,Jharkhand,Male,6161000
2030,July,Jharkhand,Female,5607000
2030,July,Jammu and Kashmir,Total,4639000
2030,July,Jammu and Kashmir,Male,2511000
2030,July,Jammu and Kashmir,Female,2127000
2030,July,Himachal Pradesh,Total,807000
2030,July,Himachal Pradesh,Male,435000
2030,July,Himachal Pradesh,Female,371000
2030,July,Haryana,Total,15169000
2030,July,Haryana,Male,8099000
2030,July,Haryana,Female,7070000
2030,July,Gujarat,Total,40486000
2030,July,Gujarat,Male,21535000
2030,July,Gujarat,Female,18951000
2030,July,Goa,Total,1355000
2030,July,Goa,Male,693000
2030,July,Goa,Female,662000
2030,July,Delhi,Total,24280000
2030,July,Delhi,Male,12998000
2030,July,Delhi,Female,11282000
2030,July,Daman and Diu,Total,1064000
2030,July,Daman and Diu,Male,847000
2030,July,Daman and Diu,Female,217000
2030,July,Dadra and Nagar Haveli,Total,875000
2030,July,Dadra and Nagar Haveli,Male,520000
2030,July,Dadra and Nagar Haveli,Female,355000
2030,July,Chhattisgarh,Total,9579000
2030,July,Chhattisgarh,Male,4897000
2030,July,Chhattisgarh,Female,4682000
2030,July,Chandigarh,Total,1311000
2030,July,Chandigarh,Male,720000
2030,July,Chandigarh,Female,592000
2030,July,Bihar,Total,17976000
2030,July,Bihar,Male,9486000
2030,July,Bihar,Female,8490000
2030,July,Assam,Total,6254000
2030,July,Assam,Male,3214000
2030,July,Assam,Female,3040000
2030,July,Arunachal Pradesh,Total,453000
2030,July,Arunachal Pradesh,Male,240000
2030,July,Arunachal Pradesh,Female,213000
2030,July,Andhra Pradesh,Total,22202000
2030,July,Andhra Pradesh,Male,11174000
2030,July,Andhra Pradesh,Female,11029000
2030,July,Andaman and Nicobar Islands,Total,198000
2030,July,Andaman and Nicobar Islands,Male,106000
2030,July,Andaman and Nicobar Islands,Female,92000
2030,July,All India,Total,549524000
2030,July,All India,Male,284908000
2030,July,All India,Female,264616000
2029,October,West Bengal,Total,40256000
2029,October,West Bengal,Male,20708000
2029,October,West Bengal,Female,19548000
2029,October,Uttarakhand,Total,4823000
2029,October,Uttarakhand,Male,2560000
2029,October,Uttarakhand,Female,2263000
2029,October,Uttar Pradesh,Total,62272000
2029,October,Uttar Pradesh,Male,32879000
2029,October,Uttar Pradesh,Female,29394000
2029,October,Tripura,Total,2043000
2029,October,Tripura,Male,1035000
2029,October,Tripura,Female,1007000
2029,October,Telangana,Total,20480000
2029,October,Telangana,Male,10307000
2029,October,Telangana,Female,10173000
2029,October,Tamil Nadu,Total,44148000
2029,October,Tamil Nadu,Male,22074000
2029,October,Tamil Nadu,Female,22074000
2029,October,Sikkim,Total,455000
2029,October,Sikkim,Male,238000
2029,October,Sikkim,Female,217000
2029,October,Rajasthan,Total,23740000
2029,October,Rajasthan,Male,12403000
2029,October,Rajasthan,Female,11337000
2029,October,Punjab,Total,14097000
2029,October,Punjab,Male,7518000
2029,October,Punjab,Female,6578000
2029,October,Puducherry,Total,1352000
2029,October,Puducherry,Male,662000
2029,October,Puducherry,Female,690000
2029,October,Odisha,Total,9612000
2029,October,Odisha,Male,4975000
2029,October,Odisha,Female,4637000
2029,October,Nagaland,Total,1305000
2029,October,Nagaland,Male,684000
2029,October,Nagaland,Female,621000
2029,October,Mizoram,Total,740000
2029,October,Mizoram,Male,370000
2029,October,Mizoram,Female,370000
2029,October,Meghalaya,Total,742000
2029,October,Meghalaya,Male,371000
2029,October,Meghalaya,Female,371000
2029,October,Manipur,Total,1165000
2029,October,Manipur,Male,575000
2029,October,Manipur,Female,590000
2029,October,Maharashtra,Total,66565000
2029,October,Maharashtra,Male,34979000
2029,October,Maharashtra,Female,31586000
2029,October,Madhya Pradesh,Total,27573000
2029,October,Madhya Pradesh,Male,14376000
2029,October,Madhya Pradesh,Female,13197000
2029,October,Lakshadweep,Total,70000
2029,October,Lakshadweep,Male,36000
2029,October,Lakshadweep,Female,34000
2029,October,Ladakh,Total,111000
2029,October,Ladakh,Male,73000
2029,October,Ladakh,Female,38000
2029,October,Kerala,Total,32099000
2029,October,Kerala,Male,15351000
2029,October,Kerala,Female,16748000
2029,October,Karnataka,Total,33396000
2029,October,Karnataka,Male,17013000
2029,October,Karnataka,Female,16383000
2029,October,Jharkhand,Total,11622000
2029,October,Jharkhand,Male,6085000
2029,October,Jharkhand,Female,5537000
2029,October,Jammu and Kashmir,Total,4588000
2029,October,Jammu and Kashmir,Male,2484000
2029,October,Jammu and Kashmir,Female,2104000
2029,October,Himachal Pradesh,Total,803000
2029,October,Himachal Pradesh,Male,434000
2029,October,Himachal Pradesh,Female,370000
2029,October,Haryana,Total,14914000
2029,October,Haryana,Male,7963000
2029,October,Haryana,Female,6951000
2029,October,Gujarat,Total,39908000
2029,October,Gujarat,Male,21228000
2029,October,Gujarat,Female,18680000
2029,October,Goa,Total,1339000
2029,October,Goa,Male,685000
2029,October,Goa,Female,655000
2029,October,Delhi,Total,23974000
2029,October,Delhi,Male,12834000
2029,October,Delhi,Female,11140000
2029,October,Daman and Diu,Total,998000
2029,October,Daman and Diu,Male,790000
2029,October,Daman and Diu,Female,209000
2029,October,Dadra and Nagar Haveli,Total,829000
2029,October,Dadra and Nagar Haveli,Male,493000
2029,October,Dadra and Nagar Haveli,Female,336000
2029,October,Chhattisgarh,Total,9435000
2029,October,Chhattisgarh,Male,4824000
2029,October,Chhattisgarh,Female,4612000
2029,October,Chandigarh,Total,1304000
2029,October,Chandigarh,Male,716000
2029,October,Chandigarh,Female,588000
2029,October,Bihar,Total,17727000
2029,October,Bihar,Male,9355000
2029,October,Bihar,Female,8372000
2029,October,Assam,Total,6182000
2029,October,Assam,Male,3177000
2029,October,Assam,Female,3005000
2029,October,Arunachal Pradesh,Total,448000
2029,October,Arunachal Pradesh,Male,237000
2029,October,Arunachal Pradesh,Female,211000
2029,October,Andhra Pradesh,Total,21915000
2029,October,Andhra Pradesh,Male,11029000
2029,October,Andhra Pradesh,Female,10886000
2029,October,Andaman and Nicobar Islands,Total,196000
2029,October,Andaman and Nicobar Islands,Male,104000
2029,October,Andaman and Nicobar Islands,Female,91000
2029,October,All India,Total,543228000
2029,October,All India,Male,281625000
2029,October,All India,Female,261603000
2029,March,West Bengal,Total,39924000
2029,March,West Bengal,Male,20537000
2029,March,West Bengal,Female,19387000
2029,March,Uttarakhand,Total,4765000
2029,March,Uttarakhand,Male,2529000
2029,March,Uttarakhand,Female,2236000
2029,March,Uttar Pradesh,Total,61798000
2029,March,Uttar Pradesh,Male,32628000
2029,March,Uttar Pradesh,Female,29170000
2029,March,Tripura,Total,2004000
2029,March,Tripura,Male,1016000
2029,March,Tripura,Female,988000
2029,March,Telangana,Total,20392000
2029,March,Telangana,Male,10263000
2029,March,Telangana,Female,10129000
2029,March,Tamil Nadu,Total,43905000
2029,March,Tamil Nadu,Male,21953000
2029,March,Tamil Nadu,Female,21953000
2029,March,Sikkim,Total,444000
2029,March,Sikkim,Male,232000
2029,March,Sikkim,Female,212000
2029,March,Rajasthan,Total,23555000
2029,March,Rajasthan,Male,12307000
2029,March,Rajasthan,Female,11248000
2029,March,Punjab,Total,13988000
2029,March,Punjab,Male,7460000
2029,March,Punjab,Female,6528000
2029,March,Puducherry,Total,1334000
2029,March,Puducherry,Male,653000
2029,March,Puducherry,Female,681000
2029,March,Odisha,Total,9533000
2029,March,Odisha,Male,4934000
2029,March,Odisha,Female,4599000
2029,March,Nagaland,Total,1279000
2029,March,Nagaland,Male,670000
2029,March,Nagaland,Female,609000
2029,March,Mizoram,Total,735000
2029,March,Mizoram,Male,368000
2029,March,Mizoram,Female,367000
2029,March,Meghalaya,Total,737000
2029,March,Meghalaya,Male,368000
2029,March,Meghalaya,Female,369000
2029,March,Manipur,Total,1154000
2029,March,Manipur,Male,570000
2029,March,Manipur,Female,584000
2029,March,Maharashtra,Total,66112000
2029,March,Maharashtra,Male,34741000
2029,March,Maharashtra,Female,31371000
2029,March,Madhya Pradesh,Total,27363000
2029,March,Madhya Pradesh,Male,14266000
2029,March,Madhya Pradesh,Female,13097000
2029,March,Lakshadweep,Total,70000
2029,March,Lakshadweep,Male,36000
2029,March,Lakshadweep,Female,34000
2029,March,Ladakh,Total,110000
2029,March,Ladakh,Male,72000
2029,March,Ladakh,Female,38000
2029,March,Kerala,Total,31695000
2029,March,Kerala,Male,15158000
2029,March,Kerala,Female,16537000
2029,March,Karnataka,Total,33103000
2029,March,Karnataka,Male,16863000
2029,March,Karnataka,Female,16240000
2029,March,Jharkhand,Total,11508000
2029,March,Jharkhand,Male,6025000
2029,March,Jharkhand,Female,5483000
2029,March,Jammu and Kashmir,Total,4549000
2029,March,Jammu and Kashmir,Male,2463000
2029,March,Jammu and Kashmir,Female,2086000
2029,March,Himachal Pradesh,Total,801000
2029,March,Himachal Pradesh,Male,432000
2029,March,Himachal Pradesh,Female,369000
2029,March,Haryana,Total,14717000
2029,March,Haryana,Male,7857000
2029,March,Haryana,Female,6860000
2029,March,Gujarat,Total,39460000
2029,March,Gujarat,Male,20989000
2029,March,Gujarat,Female,18471000
2029,March,Goa,Total,1327000
2029,March,Goa,Male,678000
2029,March,Goa,Female,649000
2029,March,Delhi,Total,23735000
2029,March,Delhi,Male,12706000
2029,March,Delhi,Female,11029000
2029,March,Daman and Diu,Total,947000
2029,March,Daman and Diu,Male,744000
2029,March,Daman and Diu,Female,203000
2029,March,Dadra and Nagar Haveli,Total,793000
2029,March,Dadra and Nagar Haveli,Male,471000
2029,March,Dadra and Nagar Haveli,Female,322000
2029,March,Chhattisgarh,Total,9324000
2029,March,Chhattisgarh,Male,4767000
2029,March,Chhattisgarh,Female,4557000
2029,March,Chandigarh,Total,1298000
2029,March,Chandigarh,Male,712000
2029,March,Chandigarh,Female,586000
2029,March,Bihar,Total,17534000
2029,March,Bihar,Male,9253000
2029,March,Bihar,Female,8281000
2029,March,Assam,Total,6127000
2029,March,Assam,Male,3149000
2029,March,Assam,Female,2978000
2029,March,Arunachal Pradesh,Total,443000
2029,March,Arunachal Pradesh,Male,234000
2029,March,Arunachal Pradesh,Female,209000
2029,March,Andhra Pradesh,Total,21693000
2029,March,Andhra Pradesh,Male,10917000
2029,March,Andhra Pradesh,Female,10776000
2029,March,Andaman and Nicobar Islands,Total,194000
2029,March,Andaman and Nicobar Islands,Male,104000
2029,March,Andaman and Nicobar Islands,Female,90000
2029,March,All India,Total,538451000
2029,March,All India,Male,279125000
2029,March,All India,Female,259326000
2029,July,West Bengal,Total,40114000
2029,July,West Bengal,Male,20635000
2029,July,West Bengal,Female,19479000
2029,July,Uttarakhand,Total,4798000
2029,July,Uttarakhand,Male,2547000
2029,July,Uttarakhand,Female,2251000
2029,July,Uttar Pradesh,Total,62069000
2029,July,Uttar Pradesh,Male,32771000
2029,July,Uttar Pradesh,Female,29298000
2029,July,Tripura,Total,2026000
2029,July,Tripura,Male,1027000
2029,July,Tripura,Female,999000
2029,July,Telangana,Total,20392000
2029,July,Telangana,Male,10263000
2029,July,Telangana,Female,10129000
2029,July,Tamil Nadu,Total,44044000
2029,July,Tamil Nadu,Male,22022000
2029,July,Tamil Nadu,Female,22022000
2029,July,Sikkim,Total,450000
2029,July,Sikkim,Male,235000
2029,July,Sikkim,Female,215000
2029,July,Rajasthan,Total,23661000
2029,July,Rajasthan,Male,12362000
2029,July,Rajasthan,Female,11299000
2029,July,Punjab,Total,14050000
2029,July,Punjab,Male,7493000
2029,July,Punjab,Female,6557000
2029,July,Puducherry,Total,1344000
2029,July,Puducherry,Male,658000
2029,July,Puducherry,Female,686000
2029,July,Odisha,Total,9578000
2029,July,Odisha,Male,4958000
2029,July,Odisha,Female,4620000
2029,July,Nagaland,Total,1294000
2029,July,Nagaland,Male,678000
2029,July,Nagaland,Female,616000
2029,July,Mizoram,Total,738000
2029,July,Mizoram,Male,369000
2029,July,Mizoram,Female,369000
2029,July,Meghalaya,Total,740000
2029,July,Meghalaya,Male,370000
2029,July,Meghalaya,Female,370000
2029,July,Manipur,Total,1160000
2029,July,Manipur,Male,573000
2029,July,Manipur,Female,587000
2029,July,Maharashtra,Total,66371000
2029,July,Maharashtra,Male,34877000
2029,July,Maharashtra,Female,31494000
2029,July,Madhya Pradesh,Total,27483000
2029,July,Madhya Pradesh,Male,14329000
2029,July,Madhya Pradesh,Female,13154000
2029,July,Lakshadweep,Total,70000
2029,July,Lakshadweep,Male,36000
2029,July,Lakshadweep,Female,34000
2029,July,Ladakh,Total,111000
2029,July,Ladakh,Male,73000
2029,July,Ladakh,Female,38000
2029,July,Kerala,Total,31926000
2029,July,Kerala,Male,15268000
2029,July,Kerala,Female,16658000
2029,July,Karnataka,Total,33270000
2029,July,Karnataka,Male,16949000
2029,July,Karnataka,Female,16322000
2029,July,Jharkhand,Total,11573000
2029,July,Jharkhand,Male,6059000
2029,July,Jharkhand,Female,5514000
2029,July,Jammu and Kashmir,Total,4571000
2029,July,Jammu and Kashmir,Male,2475000
2029,July,Jammu and Kashmir,Female,2096000
2029,July,Himachal Pradesh,Total,802000
2029,July,Himachal Pradesh,Male,433000
2029,July,Himachal Pradesh,Female,369000
2029,July,Haryana,Total,14830000
2029,July,Haryana,Male,7918000
2029,July,Haryana,Female,6912000
2029,July,Gujarat,Total,39716000
2029,July,Gujarat,Male,21126000
2029,July,Gujarat,Female,18590000
2029,July,Goa,Total,1334000
2029,July,Goa,Male,682000
2029,July,Goa,Female,652000
2029,July,Delhi,Total,23871000
2029,July,Delhi,Male,12779000
2029,July,Delhi,Female,11092000
2029,July,Daman and Diu,Total,976000
2029,July,Daman and Diu,Male,770000
2029,July,Daman and Diu,Female,206000
2029,July,Dadra and Nagar Haveli,Total,813000
2029,July,Dadra and Nagar Haveli,Male,484000
2029,July,Dadra and Nagar Haveli,Female,330000
2029,July,Chhattisgarh,Total,9388000
2029,July,Chhattisgarh,Male,4799000
2029,July,Chhattisgarh,Female,4588000
2029,July,Chandigarh,Total,1301000
2029,July,Chandigarh,Male,714000
2029,July,Chandigarh,Female,587000
2029,July,Bihar,Total,17644000
2029,July,Bihar,Male,9311000
2029,July,Bihar,Female,8333000
2029,July,Assam,Total,6159000
2029,July,Assam,Male,3165000
2029,July,Assam,Female,2994000
2029,July,Arunachal Pradesh,Total,446000
2029,July,Arunachal Pradesh,Male,236000
2029,July,Arunachal Pradesh,Female,210000
2029,July,Andhra Pradesh,Total,21820000
2029,July,Andhra Pradesh,Male,10981000
2029,July,Andhra Pradesh,Female,10839000
2029,July,Andaman and Nicobar Islands,Total,195000
2029,July,Andaman and Nicobar Islands,Male,104000
2029,July,Andaman and Nicobar Islands,Female,91000
2029,July,All India,Total,541129000
2029,July,All India,Male,280529000
2029,July,All India,Female,260600000
2028,October,West Bengal,Total,39689000
2028,October,West Bengal,Male,20416000
2028,October,West Bengal,Female,19273000
2028,October,Uttarakhand,Total,4724000
2028,October,Uttarakhand,Male,2508000
2028,October,Uttarakhand,Female,2217000
2028,October,Uttar Pradesh,Total,61462000
2028,October,Uttar Pradesh,Male,32451000
2028,October,Uttar Pradesh,Female,29011000
2028,October,Tripura,Total,1977000
2028,October,Tripura,Male,1002000
2028,October,Tripura,Female,975000
2028,October,Telangana,Total,20129000
2028,October,Telangana,Male,10130000
2028,October,Telangana,Female,9998000
2028,October,Tamil Nadu,Total,43733000
2028,October,Tamil Nadu,Male,21866000
2028,October,Tamil Nadu,Female,21866000
2028,October,Sikkim,Total,437000
2028,October,Sikkim,Male,228000
2028,October,Sikkim,Female,208000
2028,October,Rajasthan,Total,23424000
2028,October,Rajasthan,Male,12238000
2028,October,Rajasthan,Female,11186000
2028,October,Punjab,Total,13911000
2028,October,Punjab,Male,7419000
2028,October,Punjab,Female,6492000
2028,October,Puducherry,Total,1321000
2028,October,Puducherry,Male,647000
2028,October,Puducherry,Female,674000
2028,October,Odisha,Total,9478000
2028,October,Odisha,Male,4906000
2028,October,Odisha,Female,4572000
2028,October,Nagaland,Total,1261000
2028,October,Nagaland,Male,661000
2028,October,Nagaland,Female,600000
2028,October,Mizoram,Total,731000
2028,October,Mizoram,Male,366000
2028,October,Mizoram,Female,365000
2028,October,Meghalaya,Total,734000
2028,October,Meghalaya,Male,367000
2028,October,Meghalaya,Female,367000
2028,October,Manipur,Total,1147000
2028,October,Manipur,Male,566000
2028,October,Manipur,Female,581000
2028,October,Maharashtra,Total,65790000
2028,October,Maharashtra,Male,34572000
2028,October,Maharashtra,Female,31218000
2028,October,Madhya Pradesh,Total,27213000
2028,October,Madhya Pradesh,Male,14188000
2028,October,Madhya Pradesh,Female,13025000
2028,October,Lakshadweep,Total,70000
2028,October,Lakshadweep,Male,36000
2028,October,Lakshadweep,Female,34000
2028,October,Ladakh,Total,109000
2028,October,Ladakh,Male,71000
2028,October,Ladakh,Female,37000
2028,October,Kerala,Total,31395000
2028,October,Kerala,Male,15015000
2028,October,Kerala,Female,16381000
2028,October,Karnataka,Total,32895000
2028,October,Karnataka,Male,16758000
2028,October,Karnataka,Female,16138000
2028,October,Jharkhand,Total,11428000
2028,October,Jharkhand,Male,5983000
2028,October,Jharkhand,Female,5445000
2028,October,Jammu and Kashmir,Total,4522000
2028,October,Jammu and Kashmir,Male,2448000
2028,October,Jammu and Kashmir,Female,2073000
2028,October,Himachal Pradesh,Total,799000
2028,October,Himachal Pradesh,Male,431000
2028,October,Himachal Pradesh,Female,368000
2028,October,Haryana,Total,14577000
2028,October,Haryana,Male,7783000
2028,October,Haryana,Female,6794000
2028,October,Gujarat,Total,39142000
2028,October,Gujarat,Male,20820000
2028,October,Gujarat,Female,18322000
2028,October,Goa,Total,1318000
2028,October,Goa,Male,674000
2028,October,Goa,Female,644000
2028,October,Delhi,Total,23564000
2028,October,Delhi,Male,12614000
2028,October,Delhi,Female,10949000
2028,October,Daman and Diu,Total,911000
2028,October,Daman and Diu,Male,712000
2028,October,Daman and Diu,Female,198000
2028,October,Dadra and Nagar Haveli,Total,768000
2028,October,Dadra and Nagar Haveli,Male,456000
2028,October,Dadra and Nagar Haveli,Female,311000
2028,October,Chhattisgarh,Total,9245000
2028,October,Chhattisgarh,Male,4727000
2028,October,Chhattisgarh,Female,4519000
2028,October,Chandigarh,Total,1293000
2028,October,Chandigarh,Male,710000
2028,October,Chandigarh,Female,584000
2028,October,Bihar,Total,17397000
2028,October,Bihar,Male,9180000
2028,October,Bihar,Female,8216000
2028,October,Assam,Total,6088000
2028,October,Assam,Male,3128000
2028,October,Assam,Female,2959000
2028,October,Arunachal Pradesh,Total,440000
2028,October,Arunachal Pradesh,Male,233000
2028,October,Arunachal Pradesh,Female,207000
2028,October,Andhra Pradesh,Total,21536000
2028,October,Andhra Pradesh,Male,10838000
2028,October,Andhra Pradesh,Female,10698000
2028,October,Andaman and Nicobar Islands,Total,193000
2028,October,Andaman and Nicobar Islands,Male,103000
2028,October,Andaman and Nicobar Islands,Female,90000
2028,October,All India,Total,534846000
2028,October,All India,Male,277251000
2028,October,All India,Female,257595000
2028,March,West Bengal,Total,39359000
2028,March,West Bengal,Male,20246000
2028,March,West Bengal,Female,19113000
2028,March,Uttarakhand,Total,4667000
2028,March,Uttarakhand,Male,2477000
2028,March,Uttarakhand,Female,2190000
2028,March,Uttar Pradesh,Total,60991000
2028,March,Uttar Pradesh,Male,32202000
2028,March,Uttar Pradesh,Female,28789000
2028,March,Tripura,Total,1940000
2028,March,Tripura,Male,983000
2028,March,Tripura,Female,957000
2028,March,Telangana,Total,20041000
2028,March,Telangana,Male,10086000
2028,March,Telangana,Female,9955000
2028,March,Tamil Nadu,Total,43491000
2028,March,Tamil Nadu,Male,21746000
2028,March,Tamil Nadu,Female,21746000
2028,March,Sikkim,Total,426000
2028,March,Sikkim,Male,223000
2028,March,Sikkim,Female,203000
2028,March,Rajasthan,Total,23240000
2028,March,Rajasthan,Male,12142000
2028,March,Rajasthan,Female,11098000
2028,March,Punjab,Total,13804000
2028,March,Punjab,Male,7362000
2028,March,Punjab,Female,6442000
2028,March,Puducherry,Total,1303000
2028,March,Puducherry,Male,638000
2028,March,Puducherry,Female,665000
2028,March,Odisha,Total,9400000
2028,March,Odisha,Male,4865000
2028,March,Odisha,Female,4535000
2028,March,Nagaland,Total,1236000
2028,March,Nagaland,Male,648000
2028,March,Nagaland,Female,588000
2028,March,Mizoram,Total,726000
2028,March,Mizoram,Male,363000
2028,March,Mizoram,Female,363000
2028,March,Meghalaya,Total,730000
2028,March,Meghalaya,Male,365000
2028,March,Meghalaya,Female,365000
2028,March,Manipur,Total,1136000
2028,March,Manipur,Male,561000
2028,March,Manipur,Female,575000
2028,March,Maharashtra,Total,65339000
2028,March,Maharashtra,Male,34335000
2028,March,Maharashtra,Female,31004000
2028,March,Madhya Pradesh,Total,27004000
2028,March,Madhya Pradesh,Male,14079000
2028,March,Madhya Pradesh,Female,12925000
2028,March,Lakshadweep,Total,70000
2028,March,Lakshadweep,Male,36000
2028,March,Lakshadweep,Female,34000
2028,March,Ladakh,Total,107000
2028,March,Ladakh,Male,70000
2028,March,Ladakh,Female,37000
2028,March,Kerala,Total,30976000
2028,March,Kerala,Male,14814000
2028,March,Kerala,Female,16162000
2028,March,Karnataka,Total,32604000
2028,March,Karnataka,Male,16609000
2028,March,Karnataka,Female,15995000
2028,March,Jharkhand,Total,11315000
2028,March,Jharkhand,Male,5924000
2028,March,Jharkhand,Female,5391000
2028,March,Jammu and Kashmir,Total,4483000
2028,March,Jammu and Kashmir,Male,2427000
2028,March,Jammu and Kashmir,Female,2056000
2028,March,Himachal Pradesh,Total,796000
2028,March,Himachal Pradesh,Male,430000
2028,March,Himachal Pradesh,Female,366000
2028,March,Haryana,Total,14382000
2028,March,Haryana,Male,7679000
2028,March,Haryana,Female,6703000
2028,March,Gujarat,Total,38697000
2028,March,Gujarat,Male,20584000
2028,March,Gujarat,Female,18113000
2028,March,Goa,Total,1305000
2028,March,Goa,Male,667000
2028,March,Goa,Female,638000
2028,March,Delhi,Total,23324000
2028,March,Delhi,Male,12486000
2028,March,Delhi,Female,10838000
2028,March,Daman and Diu,Total,860000
2028,March,Daman and Diu,Male,668000
2028,March,Daman and Diu,Female,192000
2028,March,Dadra and Nagar Haveli,Total,732000
2028,March,Dadra and Nagar Haveli,Male,435000
2028,March,Dadra and Nagar Haveli,Female,297000
2028,March,Chhattisgarh,Total,9135000
2028,March,Chhattisgarh,Male,4670000
2028,March,Chhattisgarh,Female,4465000
2028,March,Chandigarh,Total,1287000
2028,March,Chandigarh,Male,706000
2028,March,Chandigarh,Female,581000
2028,March,Bihar,Total,17205000
2028,March,Bihar,Male,9079000
2028,March,Bihar,Female,8126000
2028,March,Assam,Total,6033000
2028,March,Assam,Male,3100000
2028,March,Assam,Female,2933000
2028,March,Arunachal Pradesh,Total,436000
2028,March,Arunachal Pradesh,Male,231000
2028,March,Arunachal Pradesh,Female,205000
2028,March,Andhra Pradesh,Total,21316000
2028,March,Andhra Pradesh,Male,10728000
2028,March,Andhra Pradesh,Female,10588000
2028,March,Andaman and Nicobar Islands,Total,191000
2028,March,Andaman and Nicobar Islands,Male,102000
2028,March,Andaman and Nicobar Islands,Female,89000
2028,March,All India,Total,530088000
2028,March,All India,Male,274766000
2028,March,All India,Female,255322000
2028,July,West Bengal,Total,39547000
2028,July,West Bengal,Male,20343000
2028,July,West Bengal,Female,19204000
2028,July,Uttarakhand,Total,4700000
2028,July,Uttarakhand,Male,2495000
2028,July,Uttarakhand,Female,2205000
2028,July,Uttar Pradesh,Total,61260000
2028,July,Uttar Pradesh,Male,32344000
2028,July,Uttar Pradesh,Female,28916000
2028,July,Tripura,Total,1961000
2028,July,Tripura,Male,994000
2028,July,Tripura,Female,967000
2028,July,Telangana,Total,20041000
2028,July,Telangana,Male,10086000
2028,July,Telangana,Female,9955000
2028,July,Tamil Nadu,Total,43629000
2028,July,Tamil Nadu,Male,21815000
2028,July,Tamil Nadu,Female,21815000
2028,July,Sikkim,Total,432000
2028,July,Sikkim,Male,226000
2028,July,Sikkim,Female,206000
2028,July,Rajasthan,Total,23345000
2028,July,Rajasthan,Male,12197000
2028,July,Rajasthan,Female,11148000
2028,July,Punjab,Total,13865000
2028,July,Punjab,Male,7395000
2028,July,Punjab,Female,6470000
2028,July,Puducherry,Total,1313000
2028,July,Puducherry,Male,643000
2028,July,Puducherry,Female,670000
2028,July,Odisha,Total,9444000
2028,July,Odisha,Male,4888000
2028,July,Odisha,Female,4556000
2028,July,Nagaland,Total,1250000
2028,July,Nagaland,Male,655000
2028,July,Nagaland,Female,595000
2028,July,Mizoram,Total,729000
2028,July,Mizoram,Male,365000
2028,July,Mizoram,Female,364000
2028,July,Meghalaya,Total,732000
2028,July,Meghalaya,Male,366000
2028,July,Meghalaya,Female,366000
2028,July,Manipur,Total,1142000
2028,July,Manipur,Male,564000
2028,July,Manipur,Female,578000
2028,July,Maharashtra,Total,65597000
2028,July,Maharashtra,Male,34470000
2028,July,Maharashtra,Female,31127000
2028,July,Madhya Pradesh,Total,27124000
2028,July,Madhya Pradesh,Male,14142000
2028,July,Madhya Pradesh,Female,12982000
2028,July,Lakshadweep,Total,70000
2028,July,Lakshadweep,Male,36000
2028,July,Lakshadweep,Female,34000
2028,July,Ladakh,Total,108000
2028,July,Ladakh,Male,71000
2028,July,Ladakh,Female,37000
2028,July,Kerala,Total,31216000
2028,July,Kerala,Male,14929000
2028,July,Kerala,Female,16287000
2028,July,Karnataka,Total,32770000
2028,July,Karnataka,Male,16694000
2028,July,Karnataka,Female,16076000
2028,July,Jharkhand,Total,11379000
2028,July,Jharkhand,Male,5958000
2028,July,Jharkhand,Female,5422000
2028,July,Jammu and Kashmir,Total,4505000
2028,July,Jammu and Kashmir,Male,2439000
2028,July,Jammu and Kashmir,Female,2066000
2028,July,Himachal Pradesh,Total,798000
2028,July,Himachal Pradesh,Male,430000
2028,July,Himachal Pradesh,Female,367000
2028,July,Haryana,Total,14494000
2028,July,Haryana,Male,7738000
2028,July,Haryana,Female,6755000
2028,July,Gujarat,Total,38951000
2028,July,Gujarat,Male,20719000
2028,July,Gujarat,Female,18233000
2028,July,Goa,Total,1312000
2028,July,Goa,Male,671000
2028,July,Goa,Female,641000
2028,July,Delhi,Total,23461000
2028,July,Delhi,Male,12559000
2028,July,Delhi,Female,10902000
2028,July,Daman and Diu,Total,889000
2028,July,Daman and Diu,Male,693000
2028,July,Daman and Diu,Female,196000
2028,July,Dadra and Nagar Haveli,Total,752000
2028,July,Dadra and Nagar Haveli,Male,447000
2028,July,Dadra and Nagar Haveli,Female,305000
2028,July,Chhattisgarh,Total,9198000
2028,July,Chhattisgarh,Male,4702000
2028,July,Chhattisgarh,Female,4496000
2028,July,Chandigarh,Total,1291000
2028,July,Chandigarh,Male,708000
2028,July,Chandigarh,Female,582000
2028,July,Bihar,Total,17315000
2028,July,Bihar,Male,9137000
2028,July,Bihar,Female,8178000
2028,July,Assam,Total,6064000
2028,July,Assam,Male,3116000
2028,July,Assam,Female,2948000
2028,July,Arunachal Pradesh,Total,438000
2028,July,Arunachal Pradesh,Male,232000
2028,July,Arunachal Pradesh,Female,206000
2028,July,Andhra Pradesh,Total,21442000
2028,July,Andhra Pradesh,Male,10791000
2028,July,Andhra Pradesh,Female,10651000
2028,July,Andaman and Nicobar Islands,Total,192000
2028,July,Andaman and Nicobar Islands,Male,102000
2028,July,Andaman and Nicobar Islands,Female,90000
2028,July,All India,Total,532756000
2028,July,All India,Male,276160000
2028,July,All India,Female,256596000
2027,October,West Bengal,Total,39127000
2027,October,West Bengal,Male,20127000
2027,October,West Bengal,Female,19000000
2027,October,Uttarakhand,Total,4626000
2027,October,Uttarakhand,Male,2456000
2027,October,Uttarakhand,Female,2171000
2027,October,Uttar Pradesh,Total,60657000
2027,October,Uttar Pradesh,Male,32026000
2027,October,Uttar Pradesh,Female,28631000
2027,October,Tripura,Total,1913000
2027,October,Tripura,Male,970000
2027,October,Tripura,Female,944000
2027,October,Telangana,Total,19780000
2027,October,Telangana,Male,9955000
2027,October,Telangana,Female,9826000
2027,October,Tamil Nadu,Total,43319000
2027,October,Tamil Nadu,Male,21660000
2027,October,Tamil Nadu,Female,21660000
2027,October,Sikkim,Total,419000
2027,October,Sikkim,Male,219000
2027,October,Sikkim,Female,200000
2027,October,Rajasthan,Total,23109000
2027,October,Rajasthan,Male,12074000
2027,October,Rajasthan,Female,11035000
2027,October,Punjab,Total,13728000
2027,October,Punjab,Male,7322000
2027,October,Punjab,Female,6406000
2027,October,Puducherry,Total,1290000
2027,October,Puducherry,Male,632000
2027,October,Puducherry,Female,658000
2027,October,Odisha,Total,9345000
2027,October,Odisha,Male,4837000
2027,October,Odisha,Female,4508000
2027,October,Nagaland,Total,1218000
2027,October,Nagaland,Male,638000
2027,October,Nagaland,Female,580000
2027,October,Mizoram,Total,723000
2027,October,Mizoram,Male,362000
2027,October,Mizoram,Female,361000
2027,October,Meghalaya,Total,727000
2027,October,Meghalaya,Male,363000
2027,October,Meghalaya,Female,364000
2027,October,Manipur,Total,1129000
2027,October,Manipur,Male,557000
2027,October,Manipur,Female,571000
2027,October,Maharashtra,Total,65019000
2027,October,Maharashtra,Male,34167000
2027,October,Maharashtra,Female,30853000
2027,October,Madhya Pradesh,Total,26855000
2027,October,Madhya Pradesh,Male,14002000
2027,October,Madhya Pradesh,Female,12854000
2027,October,Lakshadweep,Total,70000
2027,October,Lakshadweep,Male,36000
2027,October,Lakshadweep,Female,34000
2027,October,Ladakh,Total,106000
2027,October,Ladakh,Male,69000
2027,October,Ladakh,Female,36000
2027,October,Kerala,Total,30666000
2027,October,Kerala,Male,14666000
2027,October,Kerala,Female,16000000
2027,October,Karnataka,Total,32398000
2027,October,Karnataka,Male,16504000
2027,October,Karnataka,Female,15894000
2027,October,Jharkhand,Total,11235000
2027,October,Jharkhand,Male,5882000
2027,October,Jharkhand,Female,5353000
2027,October,Jammu and Kashmir,Total,4456000
2027,October,Jammu and Kashmir,Male,2412000
2027,October,Jammu and Kashmir,Female,2043000
2027,October,Himachal Pradesh,Total,794000
2027,October,Himachal Pradesh,Male,428000
2027,October,Himachal Pradesh,Female,365000
2027,October,Haryana,Total,14244000
2027,October,Haryana,Male,7605000
2027,October,Haryana,Female,6639000
2027,October,Gujarat,Total,38382000
2027,October,Gujarat,Male,20416000
2027,October,Gujarat,Female,17966000
2027,October,Goa,Total,1296000
2027,October,Goa,Male,662000
2027,October,Goa,Female,633000
2027,October,Delhi,Total,23152000
2027,October,Delhi,Male,12394000
2027,October,Delhi,Female,10758000
2027,October,Daman and Diu,Total,824000
2027,October,Daman and Diu,Male,636000
2027,October,Daman and Diu,Female,188000
2027,October,Dadra and Nagar Haveli,Total,707000
2027,October,Dadra and Nagar Haveli,Male,420000
2027,October,Dadra and Nagar Haveli,Female,287000
2027,October,Chhattisgarh,Total,9057000
2027,October,Chhattisgarh,Male,4630000
2027,October,Chhattisgarh,Female,4427000
2027,October,Chandigarh,Total,1283000
2027,October,Chandigarh,Male,704000
2027,October,Chandigarh,Female,579000
2027,October,Bihar,Total,17069000
2027,October,Bihar,Male,9007000
2027,October,Bihar,Female,8061000
2027,October,Assam,Total,5994000
2027,October,Assam,Male,3080000
2027,October,Assam,Female,2914000
2027,October,Arunachal Pradesh,Total,433000
2027,October,Arunachal Pradesh,Male,229000
2027,October,Arunachal Pradesh,Female,204000
2027,October,Andhra Pradesh,Total,21161000
2027,October,Andhra Pradesh,Male,10650000
2027,October,Andhra Pradesh,Female,10511000
2027,October,Andaman and Nicobar Islands,Total,190000
2027,October,Andaman and Nicobar Islands,Male,101000
2027,October,Andaman and Nicobar Islands,Female,89000
2027,October,All India,Total,526501000
2027,October,All India,Male,272898000
2027,October,All India,Female,253603000
2027,March,West Bengal,Total,38801000
2027,March,West Bengal,Male,19959000
2027,March,West Bengal,Female,18842000
2027,March,Uttarakhand,Total,4569000
2027,March,Uttarakhand,Male,2425000
2027,March,Uttarakhand,Female,2144000
2027,March,Uttar Pradesh,Total,60189000
2027,March,Uttar Pradesh,Male,31779000
2027,March,Uttar Pradesh,Female,28410000
2027,March,Tripura,Total,1876000
2027,March,Tripura,Male,951000
2027,March,Tripura,Female,925000
2027,March,Telangana,Total,19694000
2027,March,Telangana,Male,9911000
2027,March,Telangana,Female,9782000
2027,March,Tamil Nadu,Total,43079000
2027,March,Tamil Nadu,Male,21540000
2027,March,Tamil Nadu,Female,21540000
2027,March,Sikkim,Total,408000
2027,March,Sikkim,Male,213000
2027,March,Sikkim,Female,195000
2027,March,Rajasthan,Total,22926000
2027,March,Rajasthan,Male,11978000
2027,March,Rajasthan,Female,10948000
2027,March,Punjab,Total,13622000
2027,March,Punjab,Male,7265000
2027,March,Punjab,Female,6357000
2027,March,Puducherry,Total,1272000
2027,March,Puducherry,Male,623000
2027,March,Puducherry,Female,649000
2027,March,Odisha,Total,9268000
2027,March,Odisha,Male,4797000
2027,March,Odisha,Female,4471000
2027,March,Nagaland,Total,1193000
2027,March,Nagaland,Male,625000
2027,March,Nagaland,Female,568000
2027,March,Mizoram,Total,718000
2027,March,Mizoram,Male,359000
2027,March,Mizoram,Female,359000
2027,March,Meghalaya,Total,723000
2027,March,Meghalaya,Male,361000
2027,March,Meghalaya,Female,362000
2027,March,Manipur,Total,1118000
2027,March,Manipur,Male,552000
2027,March,Manipur,Female,566000
2027,March,Maharashtra,Total,64572000
2027,March,Maharashtra,Male,33932000
2027,March,Maharashtra,Female,30640000
2027,March,Madhya Pradesh,Total,26647000
2027,March,Madhya Pradesh,Male,13893000
2027,March,Madhya Pradesh,Female,12754000
2027,March,Lakshadweep,Total,70000
2027,March,Lakshadweep,Male,36000
2027,March,Lakshadweep,Female,34000
2027,March,Ladakh,Total,104000
2027,March,Ladakh,Male,68000
2027,March,Ladakh,Female,36000
2027,March,Kerala,Total,30232000
2027,March,Kerala,Male,14458000
2027,March,Kerala,Female,15774000
2027,March,Karnataka,Total,32110000
2027,March,Karnataka,Male,16358000
2027,March,Karnataka,Female,15752000
2027,March,Jharkhand,Total,11122000
2027,March,Jharkhand,Male,5823000
2027,March,Jharkhand,Female,5299000
2027,March,Jammu and Kashmir,Total,4417000
2027,March,Jammu and Kashmir,Male,2391000
2027,March,Jammu and Kashmir,Female,2026000
2027,March,Himachal Pradesh,Total,791000
2027,March,Himachal Pradesh,Male,427000
2027,March,Himachal Pradesh,Female,364000
2027,March,Haryana,Total,14051000
2027,March,Haryana,Male,7502000
2027,March,Haryana,Female,6549000
2027,March,Gujarat,Total,37941000
2027,March,Gujarat,Male,20181000
2027,March,Gujarat,Female,17760000
2027,March,Goa,Total,1283000
2027,March,Goa,Male,656000
2027,March,Goa,Female,627000
2027,March,Delhi,Total,22911000
2027,March,Delhi,Male,12265000
2027,March,Delhi,Female,10646000
2027,March,Daman and Diu,Total,773000
2027,March,Daman and Diu,Male,591000
2027,March,Daman and Diu,Female,182000
2027,March,Dadra and Nagar Haveli,Total,672000
2027,March,Dadra and Nagar Haveli,Male,400000
2027,March,Dadra and Nagar Haveli,Female,272000
2027,March,Chhattisgarh,Total,8948000
2027,March,Chhattisgarh,Male,4575000
2027,March,Chhattisgarh,Female,4373000
2027,March,Chandigarh,Total,1277000
2027,March,Chandigarh,Male,701000
2027,March,Chandigarh,Female,576000
2027,March,Bihar,Total,16878000
2027,March,Bihar,Male,8907000
2027,March,Bihar,Female,7971000
2027,March,Assam,Total,5940000
2027,March,Assam,Male,3052000
2027,March,Assam,Female,2888000
2027,March,Arunachal Pradesh,Total,429000
2027,March,Arunachal Pradesh,Male,227000
2027,March,Arunachal Pradesh,Female,202000
2027,March,Andhra Pradesh,Total,20943000
2027,March,Andhra Pradesh,Male,10540000
2027,March,Andhra Pradesh,Female,10403000
2027,March,Andaman and Nicobar Islands,Total,189000
2027,March,Andaman and Nicobar Islands,Male,101000
2027,March,Andaman and Nicobar Islands,Female,88000
2027,March,All India,Total,521756000
2027,March,All India,Male,270422000
2027,March,All India,Female,251334000
2027,July,West Bengal,Total,38987000
2027,July,West Bengal,Male,20055000
2027,July,West Bengal,Female,18932000
2027,July,Uttarakhand,Total,4602000
2027,July,Uttarakhand,Male,2442000
2027,July,Uttarakhand,Female,2159000
2027,July,Uttar Pradesh,Total,60456000
2027,July,Uttar Pradesh,Male,31920000
2027,July,Uttar Pradesh,Female,28536000
2027,July,Tripura,Total,1897000
2027,July,Tripura,Male,962000
2027,July,Tripura,Female,936000
2027,July,Telangana,Total,19694000
2027,July,Telangana,Male,9911000
2027,July,Telangana,Female,9782000
2027,July,Tamil Nadu,Total,43216000
2027,July,Tamil Nadu,Male,21608000
2027,July,Tamil Nadu,Female,21608000
2027,July,Sikkim,Total,414000
2027,July,Sikkim,Male,216000
2027,July,Sikkim,Female,198000
2027,July,Rajasthan,Total,23031000
2027,July,Rajasthan,Male,12033000
2027,July,Rajasthan,Female,10998000
2027,July,Punjab,Total,13683000
2027,July,Punjab,Male,7297000
2027,July,Punjab,Female,6385000
2027,July,Puducherry,Total,1282000
2027,July,Puducherry,Male,628000
2027,July,Puducherry,Female,654000
2027,July,Odisha,Total,9312000
2027,July,Odisha,Male,4820000
2027,July,Odisha,Female,4492000
2027,July,Nagaland,Total,1207000
2027,July,Nagaland,Male,633000
2027,July,Nagaland,Female,575000
2027,July,Mizoram,Total,721000
2027,July,Mizoram,Male,361000
2027,July,Mizoram,Female,360000
2027,July,Meghalaya,Total,725000
2027,July,Meghalaya,Male,362000
2027,July,Meghalaya,Female,363000
2027,July,Manipur,Total,1124000
2027,July,Manipur,Male,555000
2027,July,Manipur,Female,569000
2027,July,Maharashtra,Total,64828000
2027,July,Maharashtra,Male,34066000
2027,July,Maharashtra,Female,30762000
2027,July,Madhya Pradesh,Total,26766000
2027,July,Madhya Pradesh,Male,13955000
2027,July,Madhya Pradesh,Female,12811000
2027,July,Lakshadweep,Total,70000
2027,July,Lakshadweep,Male,36000
2027,July,Lakshadweep,Female,34000
2027,July,Ladakh,Total,105000
2027,July,Ladakh,Male,69000
2027,July,Ladakh,Female,36000
2027,July,Kerala,Total,30480000
2027,July,Kerala,Male,14577000
2027,July,Kerala,Female,15903000
2027,July,Karnataka,Total,32275000
2027,July,Karnataka,Male,16442000
2027,July,Karnataka,Female,15833000
2027,July,Jharkhand,Total,11186000
2027,July,Jharkhand,Male,5857000
2027,July,Jharkhand,Female,5330000
2027,July,Jammu and Kashmir,Total,4439000
2027,July,Jammu and Kashmir,Male,2403000
2027,July,Jammu and Kashmir,Female,2036000
2027,July,Himachal Pradesh,Total,793000
2027,July,Himachal Pradesh,Male,428000
2027,July,Himachal Pradesh,Female,365000
2027,July,Haryana,Total,14161000
2027,July,Haryana,Male,7561000
2027,July,Haryana,Female,6601000
2027,July,Gujarat,Total,38193000
2027,July,Gujarat,Male,20315000
2027,July,Gujarat,Female,17878000
2027,July,Goa,Total,1290000
2027,July,Goa,Male,660000
2027,July,Goa,Female,631000
2027,July,Delhi,Total,23049000
2027,July,Delhi,Male,12339000
2027,July,Delhi,Female,10710000
2027,July,Daman and Diu,Total,802000
2027,July,Daman and Diu,Male,617000
2027,July,Daman and Diu,Female,185000
2027,July,Dadra and Nagar Haveli,Total,692000
2027,July,Dadra and Nagar Haveli,Male,411000
2027,July,Dadra and Nagar Haveli,Female,281000
2027,July,Chhattisgarh,Total,9010000
2027,July,Chhattisgarh,Male,4607000
2027,July,Chhattisgarh,Female,4404000
2027,July,Chandigarh,Total,1280000
2027,July,Chandigarh,Male,703000
2027,July,Chandigarh,Female,578000
2027,July,Bihar,Total,16987000
2027,July,Bihar,Male,8964000
2027,July,Bihar,Female,8023000
2027,July,Assam,Total,5971000
2027,July,Assam,Male,3068000
2027,July,Assam,Female,2903000
2027,July,Arunachal Pradesh,Total,431000
2027,July,Arunachal Pradesh,Male,228000
2027,July,Arunachal Pradesh,Female,203000
2027,July,Andhra Pradesh,Total,21067000
2027,July,Andhra Pradesh,Male,10603000
2027,July,Andhra Pradesh,Female,10465000
2027,July,Andaman and Nicobar Islands,Total,190000
2027,July,Andaman and Nicobar Islands,Male,101000
2027,July,Andaman and Nicobar Islands,Female,88000
2027,July,All India,Total,524420000
2027,July,All India,Male,271813000
2027,July,All India,Female,252607000
2026,October,West Bengal,Total,38570000
2026,October,West Bengal,Male,19841000
2026,October,West Bengal,Female,18730000
2026,October,Uttarakhand,Total,4529000
2026,October,Uttarakhand,Male,2404000
2026,October,Uttarakhand,Female,2125000
2026,October,Uttar Pradesh,Total,59858000
2026,October,Uttar Pradesh,Male,31604000
2026,October,Uttar Pradesh,Female,28254000
2026,October,Tripura,Total,1850000
2026,October,Tripura,Male,938000
2026,October,Tripura,Female,912000
2026,October,Telangana,Total,19435000
2026,October,Telangana,Male,9781000
2026,October,Telangana,Female,9654000
2026,October,Tamil Nadu,Total,42908000
2026,October,Tamil Nadu,Male,21454000
2026,October,Tamil Nadu,Female,21454000
2026,October,Sikkim,Total,401000
2026,October,Sikkim,Male,210000
2026,October,Sikkim,Female,191000
2026,October,Rajasthan,Total,22796000
2026,October,Rajasthan,Male,11910000
2026,October,Rajasthan,Female,10886000
2026,October,Punjab,Total,13547000
2026,October,Punjab,Male,7225000
2026,October,Punjab,Female,6322000
2026,October,Puducherry,Total,1259000
2026,October,Puducherry,Male,617000
2026,October,Puducherry,Female,642000
2026,October,Odisha,Total,9213000
2026,October,Odisha,Male,4769000
2026,October,Odisha,Female,4445000
2026,October,Nagaland,Total,1175000
2026,October,Nagaland,Male,616000
2026,October,Nagaland,Female,559000
2026,October,Mizoram,Total,714000
2026,October,Mizoram,Male,357000
2026,October,Mizoram,Female,357000
2026,October,Meghalaya,Total,720000
2026,October,Meghalaya,Male,360000
2026,October,Meghalaya,Female,360000
2026,October,Manipur,Total,1111000
2026,October,Manipur,Male,548000
2026,October,Manipur,Female,562000
2026,October,Maharashtra,Total,64254000
2026,October,Maharashtra,Male,33765000
2026,October,Maharashtra,Female,30489000
2026,October,Madhya Pradesh,Total,26499000
2026,October,Madhya Pradesh,Male,13816000
2026,October,Madhya Pradesh,Female,12683000
2026,October,Lakshadweep,Total,70000
2026,October,Lakshadweep,Male,36000
2026,October,Lakshadweep,Female,34000
2026,October,Ladakh,Total,103000
2026,October,Ladakh,Male,67000
2026,October,Ladakh,Female,35000
2026,October,Kerala,Total,29912000
2026,October,Kerala,Male,14305000
2026,October,Kerala,Female,15607000
2026,October,Karnataka,Total,31906000
2026,October,Karnataka,Male,16254000
2026,October,Karnataka,Female,15652000
2026,October,Jharkhand,Total,11043000
2026,October,Jharkhand,Male,5782000
2026,October,Jharkhand,Female,5261000
2026,October,Jammu and Kashmir,Total,4390000
2026,October,Jammu and Kashmir,Male,2377000
2026,October,Jammu and Kashmir,Female,2013000
2026,October,Himachal Pradesh,Total,789000
2026,October,Himachal Pradesh,Male,426000
2026,October,Himachal Pradesh,Female,363000
2026,October,Haryana,Total,13914000
2026,October,Haryana,Male,7429000
2026,October,Haryana,Female,6485000
2026,October,Gujarat,Total,37629000
2026,October,Gujarat,Male,20015000
2026,October,Gujarat,Female,17614000
2026,October,Goa,Total,1274000
2026,October,Goa,Male,651000
2026,October,Goa,Female,623000
2026,October,Delhi,Total,22738000
2026,October,Delhi,Male,12172000
2026,October,Delhi,Female,10565000
2026,October,Daman and Diu,Total,737000
2026,October,Daman and Diu,Male,559000
2026,October,Daman and Diu,Female,177000
2026,October,Dadra and Nagar Haveli,Total,647000
2026,October,Dadra and Nagar Haveli,Male,385000
2026,October,Dadra and Nagar Haveli,Female,263000
2026,October,Chhattisgarh,Total,8871000
2026,October,Chhattisgarh,Male,4535000
2026,October,Chhattisgarh,Female,4336000
2026,October,Chandigarh,Total,1273000
2026,October,Chandigarh,Male,699000
2026,October,Chandigarh,Female,574000
2026,October,Bihar,Total,16743000
2026,October,Bihar,Male,8835000
2026,October,Bihar,Female,7908000
2026,October,Assam,Total,5902000
2026,October,Assam,Male,3033000
2026,October,Assam,Female,2869000
2026,October,Arunachal Pradesh,Total,426000
2026,October,Arunachal Pradesh,Male,225000
2026,October,Arunachal Pradesh,Female,201000
2026,October,Andhra Pradesh,Total,20789000
2026,October,Andhra Pradesh,Male,10462000
2026,October,Andhra Pradesh,Female,10326000
2026,October,Andaman and Nicobar Islands,Total,188000
2026,October,Andaman and Nicobar Islands,Male,100000
2026,October,Andaman and Nicobar Islands,Female,88000
2026,October,All India,Total,518180000
2026,October,All India,Male,268562000
2026,October,All India,Female,249619000
2026,March,West Bengal,Total,38247000
2026,March,West Bengal,Male,19674000
2026,March,West Bengal,Female,18573000
2026,March,Uttarakhand,Total,4473000
2026,March,Uttarakhand,Male,2374000
2026,March,Uttarakhand,Female,2099000
2026,March,Uttar Pradesh,Total,59394000
2026,March,Uttar Pradesh,Male,31359000
2026,March,Uttar Pradesh,Female,28035000
2026,March,Tripura,Total,1813000
2026,March,Tripura,Male,919000
2026,March,Tripura,Female,894000
2026,March,Telangana,Total,19349000
2026,March,Telangana,Male,9738000
2026,March,Telangana,Female,9611000
2026,March,Tamil Nadu,Total,42669000
2026,March,Tamil Nadu,Male,21335000
2026,March,Tamil Nadu,Female,21335000
2026,March,Sikkim,Total,391000
2026,March,Sikkim,Male,204000
2026,March,Sikkim,Female,187000
2026,March,Rajasthan,Total,22615000
2026,March,Rajasthan,Male,11816000
2026,March,Rajasthan,Female,10799000
2026,March,Punjab,Total,13441000
2026,March,Punjab,Male,7169000
2026,March,Punjab,Female,6272000
2026,March,Puducherry,Total,1241000
2026,March,Puducherry,Male,608000
2026,March,Puducherry,Female,633000
2026,March,Odisha,Total,9137000
2026,March,Odisha,Male,4729000
2026,March,Odisha,Female,4408000
2026,March,Nagaland,Total,1150000
2026,March,Nagaland,Male,603000
2026,March,Nagaland,Female,547000
2026,March,Mizoram,Total,709000
2026,March,Mizoram,Male,355000
2026,March,Mizoram,Female,354000
2026,March,Meghalaya,Total,715000
2026,March,Meghalaya,Male,357000
2026,March,Meghalaya,Female,358000
2026,March,Manipur,Total,1100000
2026,March,Manipur,Male,543000
2026,March,Manipur,Female,557000
2026,March,Maharashtra,Total,63809000
2026,March,Maharashtra,Male,33531000
2026,March,Maharashtra,Female,30278000
2026,March,Madhya Pradesh,Total,26292000
2026,March,Madhya Pradesh,Male,13708000
2026,March,Madhya Pradesh,Female,12584000
2026,March,Lakshadweep,Total,70000
2026,March,Lakshadweep,Male,36000
2026,March,Lakshadweep,Female,34000
2026,March,Ladakh,Total,101000
2026,March,Ladakh,Male,66000
2026,March,Ladakh,Female,35000
2026,March,Kerala,Total,29465000
2026,March,Kerala,Male,14091000
2026,March,Kerala,Female,15374000
2026,March,Karnataka,Total,31620000
2026,March,Karnataka,Male,16108000
2026,March,Karnataka,Female,15512000
2026,March,Jharkhand,Total,10932000
2026,March,Jharkhand,Male,5724000
2026,March,Jharkhand,Female,5208000
2026,March,Jammu and Kashmir,Total,4351000
2026,March,Jammu and Kashmir,Male,2356000
2026,March,Jammu and Kashmir,Female,1995000
2026,March,Himachal Pradesh,Total,787000
2026,March,Himachal Pradesh,Male,425000
2026,March,Himachal Pradesh,Female,362000
2026,March,Haryana,Total,13723000
2026,March,Haryana,Male,7327000
2026,March,Haryana,Female,6396000
2026,March,Gujarat,Total,37192000
2026,March,Gujarat,Male,19783000
2026,March,Gujarat,Female,17409000
2026,March,Goa,Total,1262000
2026,March,Goa,Male,645000
2026,March,Goa,Female,617000
2026,March,Delhi,Total,22495000
2026,March,Delhi,Male,12042000
2026,March,Delhi,Female,10453000
2026,March,Daman and Diu,Total,686000
2026,March,Daman and Diu,Male,515000
2026,March,Daman and Diu,Female,171000
2026,March,Dadra and Nagar Haveli,Total,613000
2026,March,Dadra and Nagar Haveli,Male,364000
2026,March,Dadra and Nagar Haveli,Female,249000
2026,March,Chhattisgarh,Total,8763000
2026,March,Chhattisgarh,Male,4480000
2026,March,Chhattisgarh,Female,4283000
2026,March,Chandigarh,Total,1267000
2026,March,Chandigarh,Male,695000
2026,March,Chandigarh,Female,572000
2026,March,Bihar,Total,16554000
2026,March,Bihar,Male,8736000
2026,March,Bihar,Female,7818000
2026,March,Assam,Total,5848000
2026,March,Assam,Male,3005000
2026,March,Assam,Female,2843000
2026,March,Arunachal Pradesh,Total,422000
2026,March,Arunachal Pradesh,Male,223000
2026,March,Arunachal Pradesh,Female,199000
2026,March,Andhra Pradesh,Total,20573000
2026,March,Andhra Pradesh,Male,10354000
2026,March,Andhra Pradesh,Female,10219000
2026,March,Andaman and Nicobar Islands,Total,186000
2026,March,Andaman and Nicobar Islands,Male,99000
2026,March,Andaman and Nicobar Islands,Female,87000
2026,March,All India,Total,513456000
2026,March,All India,Male,266096000
2026,March,All India,Female,247360000
2026,July,West Bengal,Total,38432000
2026,July,West Bengal,Male,19769000
2026,July,West Bengal,Female,18662000
2026,July,Uttarakhand,Total,4505000
2026,July,Uttarakhand,Male,2391000
2026,July,Uttarakhand,Female,2114000
2026,July,Uttar Pradesh,Total,59659000
2026,July,Uttar Pradesh,Male,31499000
2026,July,Uttar Pradesh,Female,28160000
2026,July,Tripura,Total,1834000
2026,July,Tripura,Male,930000
2026,July,Tripura,Female,904000
2026,July,Telangana,Total,19349000
2026,July,Telangana,Male,9738000
2026,July,Telangana,Female,9611000
2026,July,Tamil Nadu,Total,42806000
2026,July,Tamil Nadu,Male,21403000
2026,July,Tamil Nadu,Female,21403000
2026,July,Sikkim,Total,397000
2026,July,Sikkim,Male,207000
2026,July,Sikkim,Female,189000
2026,July,Rajasthan,Total,22719000
2026,July,Rajasthan,Male,11870000
2026,July,Rajasthan,Female,10849000
2026,July,Punjab,Total,13501000
2026,July,Punjab,Male,7201000
2026,July,Punjab,Female,6301000
2026,July,Puducherry,Total,1251000
2026,July,Puducherry,Male,613000
2026,July,Puducherry,Female,639000
2026,July,Odisha,Total,9181000
2026,July,Odisha,Male,4752000
2026,July,Odisha,Female,4429000
2026,July,Nagaland,Total,1164000
2026,July,Nagaland,Male,610000
2026,July,Nagaland,Female,554000
2026,July,Mizoram,Total,712000
2026,July,Mizoram,Male,356000
2026,July,Mizoram,Female,356000
2026,July,Meghalaya,Total,718000
2026,July,Meghalaya,Male,359000
2026,July,Meghalaya,Female,359000
2026,July,Manipur,Total,1106000
2026,July,Manipur,Male,546000
2026,July,Manipur,Female,560000
2026,July,Maharashtra,Total,64063000
2026,July,Maharashtra,Male,33664000
2026,July,Maharashtra,Female,30399000
2026,July,Madhya Pradesh,Total,26410000
2026,July,Madhya Pradesh,Male,13770000
2026,July,Madhya Pradesh,Female,12641000
2026,July,Lakshadweep,Total,70000
2026,July,Lakshadweep,Male,36000
2026,July,Lakshadweep,Female,34000
2026,July,Ladakh,Total,102000
2026,July,Ladakh,Male,67000
2026,July,Ladakh,Female,35000
2026,July,Kerala,Total,29721000
2026,July,Kerala,Male,14214000
2026,July,Kerala,Female,15507000
2026,July,Karnataka,Total,31783000
2026,July,Karnataka,Male,16191000
2026,July,Karnataka,Female,15592000
2026,July,Jharkhand,Total,10995000
2026,July,Jharkhand,Male,5757000
2026,July,Jharkhand,Female,5239000
2026,July,Jammu and Kashmir,Total,4373000
2026,July,Jammu and Kashmir,Male,2368000
2026,July,Jammu and Kashmir,Female,2005000
2026,July,Himachal Pradesh,Total,788000
2026,July,Himachal Pradesh,Male,425000
2026,July,Himachal Pradesh,Female,363000
2026,July,Haryana,Total,13832000
2026,July,Haryana,Male,7385000
2026,July,Haryana,Female,6447000
2026,July,Gujarat,Total,37442000
2026,July,Gujarat,Male,19916000
2026,July,Gujarat,Female,17526000
2026,July,Goa,Total,1269000
2026,July,Goa,Male,649000
2026,July,Goa,Female,620000
2026,July,Delhi,Total,22634000
2026,July,Delhi,Male,12117000
2026,July,Delhi,Female,10517000
2026,July,Daman and Diu,Total,715000
2026,July,Daman and Diu,Male,540000
2026,July,Daman and Diu,Female,175000
2026,July,Dadra and Nagar Haveli,Total,633000
2026,July,Dadra and Nagar Haveli,Male,376000
2026,July,Dadra and Nagar Haveli,Female,257000
2026,July,Chhattisgarh,Total,8825000
2026,July,Chhattisgarh,Male,4512000
2026,July,Chhattisgarh,Female,4313000
2026,July,Chandigarh,Total,1270000
2026,July,Chandigarh,Male,697000
2026,July,Chandigarh,Female,573000
2026,July,Bihar,Total,16662000
2026,July,Bihar,Male,8793000
2026,July,Bihar,Female,7869000
2026,July,Assam,Total,5879000
2026,July,Assam,Male,3021000
2026,July,Assam,Female,2858000
2026,July,Arunachal Pradesh,Total,424000
2026,July,Arunachal Pradesh,Male,225000
2026,July,Arunachal Pradesh,Female,200000
2026,July,Andhra Pradesh,Total,20696000
2026,July,Andhra Pradesh,Male,10416000
2026,July,Andhra Pradesh,Female,10280000
2026,July,Andaman and Nicobar Islands,Total,187000
2026,July,Andaman and Nicobar Islands,Male,100000
2026,July,Andaman and Nicobar Islands,Female,87000
2026,July,All India,Total,516110000
2026,July,All India,Male,267483000
2026,July,All India,Female,248627000
2025,October,West Bengal,Total,37995000
2025,October,West Bengal,Male,19545000
2025,October,West Bengal,Female,18450000
2025,October,Uttarakhand,Total,4431000
2025,October,Uttarakhand,Male,2352000
2025,October,Uttarakhand,Female,2079000
2025,October,Uttar Pradesh,Total,59007000
2025,October,Uttar Pradesh,Male,31155000
2025,October,Uttar Pradesh,Female,27852000
2025,October,Tripura,Total,1787000
2025,October,Tripura,Male,906000
2025,October,Tripura,Female,881000
2025,October,Telangana,Total,19078000
2025,October,Telangana,Male,9601000
2025,October,Telangana,Female,9476000
2025,October,Tamil Nadu,Total,42472000
2025,October,Tamil Nadu,Male,21236000
2025,October,Tamil Nadu,Female,21236000
2025,October,Sikkim,Total,384000
2025,October,Sikkim,Male,200000
2025,October,Sikkim,Female,183000
2025,October,Rajasthan,Total,22468000
2025,October,Rajasthan,Male,11739000
2025,October,Rajasthan,Female,10729000
2025,October,Punjab,Total,13359000
2025,October,Punjab,Male,7125000
2025,October,Punjab,Female,6234000
2025,October,Puducherry,Total,1229000
2025,October,Puducherry,Male,602000
2025,October,Puducherry,Female,627000
2025,October,Odisha,Total,9077000
2025,October,Odisha,Male,4698000
2025,October,Odisha,Female,4379000
2025,October,Nagaland,Total,1132000
2025,October,Nagaland,Male,593000
2025,October,Nagaland,Female,539000
2025,October,Mizoram,Total,705000
2025,October,Mizoram,Male,353000
2025,October,Mizoram,Female,352000
2025,October,Meghalaya,Total,712000
2025,October,Meghalaya,Male,356000
2025,October,Meghalaya,Female,356000
2025,October,Manipur,Total,1093000
2025,October,Manipur,Male,539000
2025,October,Manipur,Female,553000
2025,October,Maharashtra,Total,63463000
2025,October,Maharashtra,Male,33349000
2025,October,Maharashtra,Female,30114000
2025,October,Madhya Pradesh,Total,26126000
2025,October,Madhya Pradesh,Male,13622000
2025,October,Madhya Pradesh,Female,12505000
2025,October,Lakshadweep,Total,70000
2025,October,Lakshadweep,Male,36000
2025,October,Lakshadweep,Female,34000
2025,October,Ladakh,Total,100000
2025,October,Ladakh,Male,65000
2025,October,Ladakh,Female,34000
2025,October,Kerala,Total,29122000
2025,October,Kerala,Male,13927000
2025,October,Kerala,Female,15195000
2025,October,Karnataka,Total,31402000
2025,October,Karnataka,Male,15997000
2025,October,Karnataka,Female,15405000
2025,October,Jharkhand,Total,10848000
2025,October,Jharkhand,Male,5679000
2025,October,Jharkhand,Female,5168000
2025,October,Jammu and Kashmir,Total,4324000
2025,October,Jammu and Kashmir,Male,2341000
2025,October,Jammu and Kashmir,Female,1983000
2025,October,Himachal Pradesh,Total,785000
2025,October,Himachal Pradesh,Male,423000
2025,October,Himachal Pradesh,Female,361000
2025,October,Haryana,Total,13582000
2025,October,Haryana,Male,7251000
2025,October,Haryana,Female,6330000
2025,October,Gujarat,Total,36863000
2025,October,Gujarat,Male,19608000
2025,October,Gujarat,Female,17255000
2025,October,Goa,Total,1252000
2025,October,Goa,Male,640000
2025,October,Goa,Female,612000
2025,October,Delhi,Total,22325000
2025,October,Delhi,Male,11951000
2025,October,Delhi,Female,10374000
2025,October,Daman and Diu,Total,665000
2025,October,Daman and Diu,Male,497000
2025,October,Daman and Diu,Female,168000
2025,October,Dadra and Nagar Haveli,Total,596000
2025,October,Dadra and Nagar Haveli,Male,354000
2025,October,Dadra and Nagar Haveli,Female,241000
2025,October,Chhattisgarh,Total,8682000
2025,October,Chhattisgarh,Male,4439000
2025,October,Chhattisgarh,Female,4243000
2025,October,Chandigarh,Total,1262000
2025,October,Chandigarh,Male,693000
2025,October,Chandigarh,Female,569000
2025,October,Bihar,Total,16415000
2025,October,Bihar,Male,8662000
2025,October,Bihar,Female,7753000
2025,October,Assam,Total,5807000
2025,October,Assam,Male,2984000
2025,October,Assam,Female,2823000
2025,October,Arunachal Pradesh,Total,419000
2025,October,Arunachal Pradesh,Male,222000
2025,October,Arunachal Pradesh,Female,197000
2025,October,Andhra Pradesh,Total,20407000
2025,October,Andhra Pradesh,Male,10270000
2025,October,Andhra Pradesh,Female,10137000
2025,October,Andaman and Nicobar Islands,Total,185000
2025,October,Andaman and Nicobar Islands,Male,99000
2025,October,Andaman and Nicobar Islands,Female,86000
2025,October,All India,Total,509622000
2025,October,All India,Male,264109000
2025,October,All India,Female,245513000
2025,March,West Bengal,Total,37642000
2025,March,West Bengal,Male,19363000
2025,March,West Bengal,Female,18279000
2025,March,Uttarakhand,Total,4373000
2025,March,Uttarakhand,Male,2321000
2025,March,Uttarakhand,Female,2052000
2025,March,Uttar Pradesh,Total,58465000
2025,March,Uttar Pradesh,Male,30869000
2025,March,Uttar Pradesh,Female,27596000
2025,March,Tripura,Total,1750000
2025,March,Tripura,Male,887000
2025,March,Tripura,Female,863000
2025,March,Telangana,Total,18984000
2025,March,Telangana,Male,9554000
2025,March,Telangana,Female,9430000
2025,March,Tamil Nadu,Total,42196000
2025,March,Tamil Nadu,Male,21098000
2025,March,Tamil Nadu,Female,21098000
2025,March,Sikkim,Total,373000
2025,March,Sikkim,Male,195000
2025,March,Sikkim,Female,178000
2025,March,Rajasthan,Total,22262000
2025,March,Rajasthan,Male,11631000
2025,March,Rajasthan,Female,10631000
2025,March,Punjab,Total,13243000
2025,March,Punjab,Male,7063000
2025,March,Punjab,Female,6180000
2025,March,Puducherry,Total,1212000
2025,March,Puducherry,Male,594000
2025,March,Puducherry,Female,618000
2025,March,Odisha,Total,8994000
2025,March,Odisha,Male,4655000
2025,March,Odisha,Female,4339000
2025,March,Nagaland,Total,1107000
2025,March,Nagaland,Male,580000
2025,March,Nagaland,Female,527000
2025,March,Mizoram,Total,700000
2025,March,Mizoram,Male,350000
2025,March,Mizoram,Female,350000
2025,March,Meghalaya,Total,707000
2025,March,Meghalaya,Male,353000
2025,March,Meghalaya,Female,354000
2025,March,Manipur,Total,1082000
2025,March,Manipur,Male,534000
2025,March,Manipur,Female,548000
2025,March,Maharashtra,Total,62979000
2025,March,Maharashtra,Male,33095000
2025,March,Maharashtra,Female,29884000
2025,March,Madhya Pradesh,Total,25894000
2025,March,Madhya Pradesh,Male,13501000
2025,March,Madhya Pradesh,Female,12393000
2025,March,Lakshadweep,Total,69000
2025,March,Lakshadweep,Male,35000
2025,March,Lakshadweep,Female,34000
2025,March,Ladakh,Total,98000
2025,March,Ladakh,Male,64000
2025,March,Ladakh,Female,34000
2025,March,Kerala,Total,28642000
2025,March,Kerala,Male,13698000
2025,March,Kerala,Female,14944000
2025,March,Karnataka,Total,31096000
2025,March,Karnataka,Male,15841000
2025,March,Karnataka,Female,15255000
2025,March,Jharkhand,Total,10730000
2025,March,Jharkhand,Male,5618000
2025,March,Jharkhand,Female,5112000
2025,March,Jammu and Kashmir,Total,4285000
2025,March,Jammu and Kashmir,Male,2320000
2025,March,Jammu and Kashmir,Female,1965000
2025,March,Himachal Pradesh,Total,781000
2025,March,Himachal Pradesh,Male,421000
2025,March,Himachal Pradesh,Female,360000
2025,March,Haryana,Total,13384000
2025,March,Haryana,Male,7146000
2025,March,Haryana,Female,6238000
2025,March,Gujarat,Total,36403000
2025,March,Gujarat,Male,19363000
2025,March,Gujarat,Female,17040000
2025,March,Goa,Total,1239000
2025,March,Goa,Male,633000
2025,March,Goa,Female,606000
2025,March,Delhi,Total,22087000
2025,March,Delhi,Male,11824000
2025,March,Delhi,Female,10263000
2025,March,Daman and Diu,Total,636000
2025,March,Daman and Diu,Male,473000
2025,March,Daman and Diu,Female,163000
2025,March,Dadra and Nagar Haveli,Total,571000
2025,March,Dadra and Nagar Haveli,Male,339000
2025,March,Dadra and Nagar Haveli,Female,232000
2025,March,Chhattisgarh,Total,8568000
2025,March,Chhattisgarh,Male,4380000
2025,March,Chhattisgarh,Female,4188000
2025,March,Chandigarh,Total,1255000
2025,March,Chandigarh,Male,689000
2025,March,Chandigarh,Female,566000
2025,March,Bihar,Total,16221000
2025,March,Bihar,Male,8560000
2025,March,Bihar,Female,7661000
2025,March,Assam,Total,5750000
2025,March,Assam,Male,2955000
2025,March,Assam,Female,2795000
2025,March,Arunachal Pradesh,Total,415000
2025,March,Arunachal Pradesh,Male,220000
2025,March,Arunachal Pradesh,Female,195000
2025,March,Andhra Pradesh,Total,20174000
2025,March,Andhra Pradesh,Male,10153000
2025,March,Andhra Pradesh,Female,10021000
2025,March,Andaman and Nicobar Islands,Total,183000
2025,March,Andaman and Nicobar Islands,Male,98000
2025,March,Andaman and Nicobar Islands,Female,85000
2025,March,All India,Total,504550000
2025,March,All India,Male,261473000
2025,March,All India,Female,243077000
2025,July,West Bengal,Total,37844000
2025,July,West Bengal,Male,19467000
2025,July,West Bengal,Female,18377000
2025,July,Uttarakhand,Total,4406000
2025,July,Uttarakhand,Male,2339000
2025,July,Uttarakhand,Female,2068000
2025,July,Uttar Pradesh,Total,58775000
2025,July,Uttar Pradesh,Male,31032000
2025,July,Uttar Pradesh,Female,27743000
2025,July,Tripura,Total,1771000
2025,July,Tripura,Male,898000
2025,July,Tripura,Female,873000
2025,July,Telangana,Total,18984000
2025,July,Telangana,Male,9554000
2025,July,Telangana,Female,9430000
2025,July,Tamil Nadu,Total,42354000
2025,July,Tamil Nadu,Male,21177000
2025,July,Tamil Nadu,Female,21177000
2025,July,Sikkim,Total,379000
2025,July,Sikkim,Male,198000
2025,July,Sikkim,Female,181000
2025,July,Rajasthan,Total,22380000
2025,July,Rajasthan,Male,11693000
2025,July,Rajasthan,Female,10687000
2025,July,Punjab,Total,13309000
2025,July,Punjab,Male,7098000
2025,July,Punjab,Female,6211000
2025,July,Puducherry,Total,1222000
2025,July,Puducherry,Male,598000
2025,July,Puducherry,Female,623000
2025,July,Odisha,Total,9042000
2025,July,Odisha,Male,4680000
2025,July,Odisha,Female,4362000
2025,July,Nagaland,Total,1121000
2025,July,Nagaland,Male,588000
2025,July,Nagaland,Female,534000
2025,July,Mizoram,Total,703000
2025,July,Mizoram,Male,352000
2025,July,Mizoram,Female,351000
2025,July,Meghalaya,Total,710000
2025,July,Meghalaya,Male,355000
2025,July,Meghalaya,Female,355000
2025,July,Manipur,Total,1088000
2025,July,Manipur,Male,537000
2025,July,Manipur,Female,551000
2025,July,Maharashtra,Total,63256000
2025,July,Maharashtra,Male,33240000
2025,July,Maharashtra,Female,30016000
2025,July,Madhya Pradesh,Total,26027000
2025,July,Madhya Pradesh,Male,13570000
2025,July,Madhya Pradesh,Female,12457000
2025,July,Lakshadweep,Total,69000
2025,July,Lakshadweep,Male,36000
2025,July,Lakshadweep,Female,34000
2025,July,Ladakh,Total,99000
2025,July,Ladakh,Male,65000
2025,July,Ladakh,Female,34000
2025,July,Kerala,Total,28916000
2025,July,Kerala,Male,13829000
2025,July,Kerala,Female,15087000
2025,July,Karnataka,Total,31271000
2025,July,Karnataka,Male,15930000
2025,July,Karnataka,Female,15341000
2025,July,Jharkhand,Total,10797000
2025,July,Jharkhand,Male,5653000
2025,July,Jharkhand,Female,5144000
2025,July,Jammu and Kashmir,Total,4307000
2025,July,Jammu and Kashmir,Male,2332000
2025,July,Jammu and Kashmir,Female,1975000
2025,July,Himachal Pradesh,Total,783000
2025,July,Himachal Pradesh,Male,423000
2025,July,Himachal Pradesh,Female,360000
2025,July,Haryana,Total,13497000
2025,July,Haryana,Male,7206000
2025,July,Haryana,Female,6291000
2025,July,Gujarat,Total,36666000
2025,July,Gujarat,Male,19503000
2025,July,Gujarat,Female,17163000
2025,July,Goa,Total,1247000
2025,July,Goa,Male,637000
2025,July,Goa,Female,609000
2025,July,Delhi,Total,22223000
2025,July,Delhi,Male,11897000
2025,July,Delhi,Female,10326000
2025,July,Daman and Diu,Total,653000
2025,July,Daman and Diu,Male,487000
2025,July,Daman and Diu,Female,166000
2025,July,Dadra and Nagar Haveli,Total,585000
2025,July,Dadra and Nagar Haveli,Male,348000
2025,July,Dadra and Nagar Haveli,Female,237000
2025,July,Chhattisgarh,Total,8633000
2025,July,Chhattisgarh,Male,4414000
2025,July,Chhattisgarh,Female,4219000
2025,July,Chandigarh,Total,1259000
2025,July,Chandigarh,Male,691000
2025,July,Chandigarh,Female,568000
2025,July,Bihar,Total,16332000
2025,July,Bihar,Male,8618000
2025,July,Bihar,Female,7714000
2025,July,Assam,Total,5783000
2025,July,Assam,Male,2972000
2025,July,Assam,Female,2811000
2025,July,Arunachal Pradesh,Total,417000
2025,July,Arunachal Pradesh,Male,221000
2025,July,Arunachal Pradesh,Female,197000
2025,July,Andhra Pradesh,Total,20307000
2025,July,Andhra Pradesh,Male,10220000
2025,July,Andhra Pradesh,Female,10087000
2025,July,Andaman and Nicobar Islands,Total,184000
2025,July,Andaman and Nicobar Islands,Male,98000
2025,July,Andaman and Nicobar Islands,Female,86000
2025,July,All India,Total,507401000
2025,July,All India,Male,262956000
2025,July,All India,Female,244445000
2024,October,West Bengal,Total,37392000
2024,October,West Bengal,Male,19235000
2024,October,West Bengal,Female,18158000
2024,October,Uttarakhand,Total,4332000
2024,October,Uttarakhand,Male,2299000
2024,October,Uttarakhand,Female,2033000
2024,October,Uttar Pradesh,Total,58081000
2024,October,Uttar Pradesh,Male,30666000
2024,October,Uttar Pradesh,Female,27415000
2024,October,Tripura,Total,1724000
2024,October,Tripura,Male,874000
2024,October,Tripura,Female,850000
2024,October,Telangana,Total,18704000
2024,October,Telangana,Male,9413000
2024,October,Telangana,Female,9291000
2024,October,Tamil Nadu,Total,42000000
2024,October,Tamil Nadu,Male,21000000
2024,October,Tamil Nadu,Female,21000000
2024,October,Sikkim,Total,366000
2024,October,Sikkim,Male,191000
2024,October,Sikkim,Female,174000
2024,October,Rajasthan,Total,22116000
2024,October,Rajasthan,Male,11555000
2024,October,Rajasthan,Female,10561000
2024,October,Punjab,Total,13161000
2024,October,Punjab,Male,7019000
2024,October,Punjab,Female,6142000
2024,October,Puducherry,Total,1200000
2024,October,Puducherry,Male,588000
2024,October,Puducherry,Female,613000
2024,October,Odisha,Total,8935000
2024,October,Odisha,Male,4625000
2024,October,Odisha,Female,4310000
2024,October,Nagaland,Total,1090000
2024,October,Nagaland,Male,571000
2024,October,Nagaland,Female,518000
2024,October,Mizoram,Total,696000
2024,October,Mizoram,Male,348000
2024,October,Mizoram,Female,348000
2024,October,Meghalaya,Total,704000
2024,October,Meghalaya,Male,352000
2024,October,Meghalaya,Female,352000
2024,October,Manipur,Total,1074000
2024,October,Manipur,Male,530000
2024,October,Manipur,Female,544000
2024,October,Maharashtra,Total,62635000
2024,October,Maharashtra,Male,32914000
2024,October,Maharashtra,Female,29721000
2024,October,Madhya Pradesh,Total,25729000
2024,October,Madhya Pradesh,Male,13414000
2024,October,Madhya Pradesh,Female,12314000
2024,October,Lakshadweep,Total,69000
2024,October,Lakshadweep,Male,35000
2024,October,Lakshadweep,Female,34000
2024,October,Ladakh,Total,97000
2024,October,Ladakh,Male,64000
2024,October,Ladakh,Female,33000
2024,October,Kerala,Total,28292000
2024,October,Kerala,Male,13530000
2024,October,Kerala,Female,14762000
2024,October,Karnataka,Total,30879000
2024,October,Karnataka,Male,15731000
2024,October,Karnataka,Female,15149000
2024,October,Jharkhand,Total,10647000
2024,October,Jharkhand,Male,5574000
2024,October,Jharkhand,Female,5072000
2024,October,Jammu and Kashmir,Total,4258000
2024,October,Jammu and Kashmir,Male,2305000
2024,October,Jammu and Kashmir,Female,1953000
2024,October,Himachal Pradesh,Total,779000
2024,October,Himachal Pradesh,Male,420000
2024,October,Himachal Pradesh,Female,359000
2024,October,Haryana,Total,13244000
2024,October,Haryana,Male,7071000
2024,October,Haryana,Female,6173000
2024,October,Gujarat,Total,36077000
2024,October,Gujarat,Male,19190000
2024,October,Gujarat,Female,16887000
2024,October,Goa,Total,1229000
2024,October,Goa,Male,629000
2024,October,Goa,Female,601000
2024,October,Delhi,Total,21917000
2024,October,Delhi,Male,11733000
2024,October,Delhi,Female,10184000
2024,October,Daman and Diu,Total,616000
2024,October,Daman and Diu,Male,456000
2024,October,Daman and Diu,Female,160000
2024,October,Dadra and Nagar Haveli,Total,554000
2024,October,Dadra and Nagar Haveli,Male,329000
2024,October,Dadra and Nagar Haveli,Female,224000
2024,October,Chhattisgarh,Total,8488000
2024,October,Chhattisgarh,Male,4339000
2024,October,Chhattisgarh,Female,4148000
2024,October,Chandigarh,Total,1250000
2024,October,Chandigarh,Male,686000
2024,October,Chandigarh,Female,564000
2024,October,Bihar,Total,16084000
2024,October,Bihar,Male,8488000
2024,October,Bihar,Female,7596000
2024,October,Assam,Total,5710000
2024,October,Assam,Male,2934000
2024,October,Assam,Female,2776000
2024,October,Arunachal Pradesh,Total,412000
2024,October,Arunachal Pradesh,Male,218000
2024,October,Arunachal Pradesh,Female,194000
2024,October,Andhra Pradesh,Total,20009000
2024,October,Andhra Pradesh,Male,10070000
2024,October,Andhra Pradesh,Female,9939000
2024,October,Andaman and Nicobar Islands,Total,182000
2024,October,Andaman and Nicobar Islands,Male,97000
2024,October,Andaman and Nicobar Islands,Female,85000
2024,October,All India,Total,500730000
2024,October,All India,Male,259493000
2024,October,All India,Female,241237000
2024,March,West Bengal,Total,37043000
2024,March,West Bengal,Male,19055000
2024,March,West Bengal,Female,17988000
2024,March,Uttarakhand,Total,4274000
2024,March,Uttarakhand,Male,2269000
2024,March,Uttarakhand,Female,2005000
2024,March,Uttar Pradesh,Total,57543000
2024,March,Uttar Pradesh,Male,30382000
2024,March,Uttar Pradesh,Female,27161000
2024,March,Tripura,Total,1687000
2024,March,Tripura,Male,855000
2024,March,Tripura,Female,832000
2024,March,Telangana,Total,18612000
2024,March,Telangana,Male,9367000
2024,March,Telangana,Female,9245000
2024,March,Tamil Nadu,Total,41726000
2024,March,Tamil Nadu,Male,20863000
2024,March,Tamil Nadu,Female,20863000
2024,March,Sikkim,Total,355000
2024,March,Sikkim,Male,186000
2024,March,Sikkim,Female,169000
2024,March,Rajasthan,Total,21912000
2024,March,Rajasthan,Male,11448000
2024,March,Rajasthan,Female,10464000
2024,March,Punjab,Total,13047000
2024,March,Punjab,Male,6958000
2024,March,Punjab,Female,6089000
2024,March,Puducherry,Total,1184000
2024,March,Puducherry,Male,580000
2024,March,Puducherry,Female,604000
2024,March,Odisha,Total,8853000
2024,March,Odisha,Male,4582000
2024,March,Odisha,Female,4271000
2024,March,Nagaland,Total,1065000
2024,March,Nagaland,Male,558000
2024,March,Nagaland,Female,507000
2024,March,Mizoram,Total,690000
2024,March,Mizoram,Male,345000
2024,March,Mizoram,Female,345000
2024,March,Meghalaya,Total,699000
2024,March,Meghalaya,Male,349000
2024,March,Meghalaya,Female,350000
2024,March,Manipur,Total,1063000
2024,March,Manipur,Male,525000
2024,March,Manipur,Female,538000
2024,March,Maharashtra,Total,62154000
2024,March,Maharashtra,Male,32661000
2024,March,Maharashtra,Female,29493000
2024,March,Madhya Pradesh,Total,25497000
2024,March,Madhya Pradesh,Male,13294000
2024,March,Madhya Pradesh,Female,12203000
2024,March,Lakshadweep,Total,69000
2024,March,Lakshadweep,Male,35000
2024,March,Lakshadweep,Female,34000
2024,March,Ladakh,Total,96000
2024,March,Ladakh,Male,63000
2024,March,Ladakh,Female,33000
2024,March,Kerala,Total,27802000
2024,March,Kerala,Male,13296000
2024,March,Kerala,Female,14506000
2024,March,Karnataka,Total,30576000
2024,March,Karnataka,Male,15576000
2024,March,Karnataka,Female,15000000
2024,March,Jharkhand,Total,10530000
2024,March,Jharkhand,Male,5513000
2024,March,Jharkhand,Female,5017000
2024,March,Jammu and Kashmir,Total,4220000
2024,March,Jammu and Kashmir,Male,2285000
2024,March,Jammu and Kashmir,Female,1935000
2024,March,Himachal Pradesh,Total,776000
2024,March,Himachal Pradesh,Male,419000
2024,March,Himachal Pradesh,Female,357000
2024,March,Haryana,Total,13048000
2024,March,Haryana,Male,6966000
2024,March,Haryana,Female,6082000
2024,March,Gujarat,Total,35621000
2024,March,Gujarat,Male,18947000
2024,March,Gujarat,Female,16674000
2024,March,Goa,Total,1216000
2024,March,Goa,Male,622000
2024,March,Goa,Female,594000
2024,March,Delhi,Total,21678000
2024,March,Delhi,Male,11605000
2024,March,Delhi,Female,10073000
2024,March,Daman and Diu,Total,587000
2024,March,Daman and Diu,Male,432000
2024,March,Daman and Diu,Female,155000
2024,March,Dadra and Nagar Haveli,Total,529000
2024,March,Dadra and Nagar Haveli,Male,315000
2024,March,Dadra and Nagar Haveli,Female,214000
2024,March,Chhattisgarh,Total,8375000
2024,March,Chhattisgarh,Male,4282000
2024,March,Chhattisgarh,Female,4093000
2024,March,Chandigarh,Total,1243000
2024,March,Chandigarh,Male,682000
2024,March,Chandigarh,Female,561000
2024,March,Bihar,Total,15892000
2024,March,Bihar,Male,8386000
2024,March,Bihar,Female,7506000
2024,March,Assam,Total,5653000
2024,March,Assam,Male,2905000
2024,March,Assam,Female,2748000
2024,March,Arunachal Pradesh,Total,408000
2024,March,Arunachal Pradesh,Male,216000
2024,March,Arunachal Pradesh,Female,192000
2024,March,Andhra Pradesh,Total,19778000
2024,March,Andhra Pradesh,Male,9954000
2024,March,Andhra Pradesh,Female,9824000
2024,March,Andaman and Nicobar Islands,Total,180000
2024,March,Andaman and Nicobar Islands,Male,96000
2024,March,Andaman and Nicobar Islands,Female,84000
2024,March,All India,Total,495681000
2024,March,All India,Male,256872000
2024,March,All India,Female,238809000
2024,July,West Bengal,Total,37243000
2024,July,West Bengal,Male,19158000
2024,July,West Bengal,Female,18085000
2024,July,Uttarakhand,Total,4307000
2024,July,Uttarakhand,Male,2286000
2024,July,Uttarakhand,Female,2021000
2024,July,Uttar Pradesh,Total,57850000
2024,July,Uttar Pradesh,Male,30544000
2024,July,Uttar Pradesh,Female,27306000
2024,July,Tripura,Total,1708000
2024,July,Tripura,Male,866000
2024,July,Tripura,Female,842000
2024,July,Telangana,Total,18612000
2024,July,Telangana,Male,9367000
2024,July,Telangana,Female,9245000
2024,July,Tamil Nadu,Total,41883000
2024,July,Tamil Nadu,Male,20941000
2024,July,Tamil Nadu,Female,20941000
2024,July,Sikkim,Total,361000
2024,July,Sikkim,Male,189000
2024,July,Sikkim,Female,172000
2024,July,Rajasthan,Total,22029000
2024,July,Rajasthan,Male,11509000
2024,July,Rajasthan,Female,10519000
2024,July,Punjab,Total,13112000
2024,July,Punjab,Male,6993000
2024,July,Punjab,Female,6119000
2024,July,Puducherry,Total,1193000
2024,July,Puducherry,Male,584000
2024,July,Puducherry,Female,609000
2024,July,Odisha,Total,8900000
2024,July,Odisha,Male,4607000
2024,July,Odisha,Female,4293000
2024,July,Nagaland,Total,1079000
2024,July,Nagaland,Male,566000
2024,July,Nagaland,Female,513000
2024,July,Mizoram,Total,693000
2024,July,Mizoram,Male,347000
2024,July,Mizoram,Female,346000
2024,July,Meghalaya,Total,702000
2024,July,Meghalaya,Male,351000
2024,July,Meghalaya,Female,351000
2024,July,Manipur,Total,1069000
2024,July,Manipur,Male,528000
2024,July,Manipur,Female,542000
2024,July,Maharashtra,Total,62429000
2024,July,Maharashtra,Male,32806000
2024,July,Maharashtra,Female,29623000
2024,July,Madhya Pradesh,Total,25629000
2024,July,Madhya Pradesh,Male,13363000
2024,July,Madhya Pradesh,Female,12267000
2024,July,Lakshadweep,Total,69000
2024,July,Lakshadweep,Male,35000
2024,July,Lakshadweep,Female,34000
2024,July,Ladakh,Total,97000
2024,July,Ladakh,Male,63000
2024,July,Ladakh,Female,33000
2024,July,Kerala,Total,28082000
2024,July,Kerala,Male,13430000
2024,July,Kerala,Female,14652000
2024,July,Karnataka,Total,30749000
2024,July,Karnataka,Male,15664000
2024,July,Karnataka,Female,15085000
2024,July,Jharkhand,Total,10597000
2024,July,Jharkhand,Male,5548000
2024,July,Jharkhand,Female,5049000
2024,July,Jammu and Kashmir,Total,4242000
2024,July,Jammu and Kashmir,Male,2297000
2024,July,Jammu and Kashmir,Female,1945000
2024,July,Himachal Pradesh,Total,778000
2024,July,Himachal Pradesh,Male,420000
2024,July,Himachal Pradesh,Female,358000
2024,July,Haryana,Total,13160000
2024,July,Haryana,Male,7026000
2024,July,Haryana,Female,6134000
2024,July,Gujarat,Total,35882000
2024,July,Gujarat,Male,19086000
2024,July,Gujarat,Female,16796000
2024,July,Goa,Total,1224000
2024,July,Goa,Male,626000
2024,July,Goa,Female,598000
2024,July,Delhi,Total,21814000
2024,July,Delhi,Male,11678000
2024,July,Delhi,Female,10136000
2024,July,Daman and Diu,Total,603000
2024,July,Daman and Diu,Male,446000
2024,July,Daman and Diu,Female,158000
2024,July,Dadra and Nagar Haveli,Total,543000
2024,July,Dadra and Nagar Haveli,Male,323000
2024,July,Dadra and Nagar Haveli,Female,220000
2024,July,Chhattisgarh,Total,8439000
2024,July,Chhattisgarh,Male,4315000
2024,July,Chhattisgarh,Female,4125000
2024,July,Chandigarh,Total,1247000
2024,July,Chandigarh,Male,684000
2024,July,Chandigarh,Female,563000
2024,July,Bihar,Total,16002000
2024,July,Bihar,Male,8444000
2024,July,Bihar,Female,7558000
2024,July,Assam,Total,5685000
2024,July,Assam,Male,2922000
2024,July,Assam,Female,2764000
2024,July,Arunachal Pradesh,Total,410000
2024,July,Arunachal Pradesh,Male,217000
2024,July,Arunachal Pradesh,Female,193000
2024,July,Andhra Pradesh,Total,19910000
2024,July,Andhra Pradesh,Male,10020000
2024,July,Andhra Pradesh,Female,9890000
2024,July,Andaman and Nicobar Islands,Total,181000
2024,July,Andaman and Nicobar Islands,Male,97000
2024,July,Andaman and Nicobar Islands,Female,84000
2024,July,All India,Total,498515000
2024,July,All India,Male,258346000
2024,July,All India,Female,240169000
2023,October,West Bengal,Total,36796000
2023,October,West Bengal,Male,18928000
2023,October,West Bengal,Female,17868000
2023,October,Uttarakhand,Total,4234000
2023,October,Uttarakhand,Male,2247000
2023,October,Uttarakhand,Female,1986000
2023,October,Uttar Pradesh,Total,57161000
2023,October,Uttar Pradesh,Male,30180000
2023,October,Uttar Pradesh,Female,26981000
2023,October,Tripura,Total,1661000
2023,October,Tripura,Male,842000
2023,October,Tripura,Female,819000
2023,October,Telangana,Total,18335000
2023,October,Telangana,Male,9227000
2023,October,Telangana,Female,9107000
2023,October,Tamil Nadu,Total,41531000
2023,October,Tamil Nadu,Male,20766000
2023,October,Tamil Nadu,Female,20766000
2023,October,Sikkim,Total,348000
2023,October,Sikkim,Male,182000
2023,October,Sikkim,Female,166000
2023,October,Rajasthan,Total,21767000
2023,October,Rajasthan,Male,11373000
2023,October,Rajasthan,Female,10394000
2023,October,Punjab,Total,12966000
2023,October,Punjab,Male,6915000
2023,October,Punjab,Female,6051000
2023,October,Puducherry,Total,1172000
2023,October,Puducherry,Male,574000
2023,October,Puducherry,Female,598000
2023,October,Odisha,Total,8795000
2023,October,Odisha,Male,4552000
2023,October,Odisha,Female,4243000
2023,October,Nagaland,Total,1048000
2023,October,Nagaland,Male,549000
2023,October,Nagaland,Female,498000
2023,October,Mizoram,Total,686000
2023,October,Mizoram,Male,343000
2023,October,Mizoram,Female,343000
2023,October,Meghalaya,Total,696000
2023,October,Meghalaya,Male,348000
2023,October,Meghalaya,Female,348000
2023,October,Manipur,Total,1056000
2023,October,Manipur,Male,521000
2023,October,Manipur,Female,535000
2023,October,Maharashtra,Total,61812000
2023,October,Maharashtra,Male,32482000
2023,October,Maharashtra,Female,29331000
2023,October,Madhya Pradesh,Total,25332000
2023,October,Madhya Pradesh,Male,13208000
2023,October,Madhya Pradesh,Female,12125000
2023,October,Lakshadweep,Total,69000
2023,October,Lakshadweep,Male,35000
2023,October,Lakshadweep,Female,33000
2023,October,Ladakh,Total,95000
2023,October,Ladakh,Male,62000
2023,October,Ladakh,Female,33000
2023,October,Kerala,Total,27446000
2023,October,Kerala,Male,13126000
2023,October,Kerala,Female,14320000
2023,October,Karnataka,Total,30361000
2023,October,Karnataka,Male,15467000
2023,October,Karnataka,Female,14895000
2023,October,Jharkhand,Total,10447000
2023,October,Jharkhand,Male,5470000
2023,October,Jharkhand,Female,4977000
2023,October,Jammu and Kashmir,Total,4193000
2023,October,Jammu and Kashmir,Male,2270000
2023,October,Jammu and Kashmir,Female,1923000
2023,October,Himachal Pradesh,Total,774000
2023,October,Himachal Pradesh,Male,417000
2023,October,Himachal Pradesh,Female,356000
2023,October,Haryana,Total,12910000
2023,October,Haryana,Male,6893000
2023,October,Haryana,Female,6017000
2023,October,Gujarat,Total,35298000
2023,October,Gujarat,Male,18776000
2023,October,Gujarat,Female,16523000
2023,October,Goa,Total,1207000
2023,October,Goa,Male,617000
2023,October,Goa,Female,590000
2023,October,Delhi,Total,21506000
2023,October,Delhi,Male,11513000
2023,October,Delhi,Female,9993000
2023,October,Daman and Diu,Total,567000
2023,October,Daman and Diu,Male,415000
2023,October,Daman and Diu,Female,152000
2023,October,Dadra and Nagar Haveli,Total,512000
2023,October,Dadra and Nagar Haveli,Male,304000
2023,October,Dadra and Nagar Haveli,Female,208000
2023,October,Chhattisgarh,Total,8296000
2023,October,Chhattisgarh,Male,4241000
2023,October,Chhattisgarh,Female,4055000
2023,October,Chandigarh,Total,1238000
2023,October,Chandigarh,Male,679000
2023,October,Chandigarh,Female,558000
2023,October,Bihar,Total,15756000
2023,October,Bihar,Male,8314000
2023,October,Bihar,Female,7441000
2023,October,Assam,Total,5613000
2023,October,Assam,Male,2884000
2023,October,Assam,Female,2729000
2023,October,Arunachal Pradesh,Total,405000
2023,October,Arunachal Pradesh,Male,214000
2023,October,Arunachal Pradesh,Female,191000
2023,October,Andhra Pradesh,Total,19615000
2023,October,Andhra Pradesh,Male,9872000
2023,October,Andhra Pradesh,Female,9743000
2023,October,Andaman and Nicobar Islands,Total,179000
2023,October,Andaman and Nicobar Islands,Male,96000
2023,October,Andaman and Nicobar Islands,Female,84000
2023,October,All India,Total,491882000
2023,October,All India,Male,254902000
2023,October,All India,Female,236980000
2023,March,West Bengal,Total,36449000
2023,March,West Bengal,Male,18749000
2023,March,West Bengal,Female,17700000
2023,March,Uttarakhand,Total,4177000
2023,March,Uttarakhand,Male,2217000
2023,March,Uttarakhand,Female,1960000
2023,March,Uttar Pradesh,Total,56627000
2023,March,Uttar Pradesh,Male,29898000
2023,March,Uttar Pradesh,Female,26729000
2023,March,Tripura,Total,1625000
2023,March,Tripura,Male,824000
2023,March,Tripura,Female,801000
2023,March,Telangana,Total,18243000
2023,March,Telangana,Male,9181000
2023,March,Telangana,Female,9062000
2023,March,Tamil Nadu,Total,41259000
2023,March,Tamil Nadu,Male,20630000
2023,March,Tamil Nadu,Female,20630000
2023,March,Sikkim,Total,338000
2023,March,Sikkim,Male,177000
2023,March,Sikkim,Female,161000
2023,March,Rajasthan,Total,21564000
2023,March,Rajasthan,Male,11266000
2023,March,Rajasthan,Female,10298000
2023,March,Punjab,Total,12853000
2023,March,Punjab,Male,6855000
2023,March,Punjab,Female,5998000
2023,March,Puducherry,Total,1155000
2023,March,Puducherry,Male,566000
2023,March,Puducherry,Female,589000
2023,March,Odisha,Total,8714000
2023,March,Odisha,Male,4510000
2023,March,Odisha,Female,4204000
2023,March,Nagaland,Total,1023000
2023,March,Nagaland,Male,536000
2023,March,Nagaland,Female,487000
2023,March,Mizoram,Total,681000
2023,March,Mizoram,Male,341000
2023,March,Mizoram,Female,340000
2023,March,Meghalaya,Total,691000
2023,March,Meghalaya,Male,345000
2023,March,Meghalaya,Female,346000
2023,March,Manipur,Total,1045000
2023,March,Manipur,Male,516000
2023,March,Manipur,Female,529000
2023,March,Maharashtra,Total,61334000
2023,March,Maharashtra,Male,32230000
2023,March,Maharashtra,Female,29104000
2023,March,Madhya Pradesh,Total,25102000
2023,March,Madhya Pradesh,Male,13088000
2023,March,Madhya Pradesh,Female,12014000
2023,March,Lakshadweep,Total,68000
2023,March,Lakshadweep,Male,35000
2023,March,Lakshadweep,Female,33000
2023,March,Ladakh,Total,93000
2023,March,Ladakh,Male,61000
2023,March,Ladakh,Female,32000
2023,March,Kerala,Total,26947000
2023,March,Kerala,Male,12887000
2023,March,Kerala,Female,14060000
2023,March,Karnataka,Total,30061000
2023,March,Karnataka,Male,15314000
2023,March,Karnataka,Female,14747000
2023,March,Jharkhand,Total,10331000
2023,March,Jharkhand,Male,5409000
2023,March,Jharkhand,Female,4922000
2023,March,Jammu and Kashmir,Total,4154000
2023,March,Jammu and Kashmir,Male,2249000
2023,March,Jammu and Kashmir,Female,1905000
2023,March,Himachal Pradesh,Total,770000
2023,March,Himachal Pradesh,Male,416000
2023,March,Himachal Pradesh,Female,354000
2023,March,Haryana,Total,12717000
2023,March,Haryana,Male,6790000
2023,March,Haryana,Female,5927000
2023,March,Gujarat,Total,34846000
2023,March,Gujarat,Male,18535000
2023,March,Gujarat,Female,16311000
2023,March,Goa,Total,1194000
2023,March,Goa,Male,610000
2023,March,Goa,Female,584000
2023,March,Delhi,Total,21266000
2023,March,Delhi,Male,11384000
2023,March,Delhi,Female,9882000
2023,March,Daman and Diu,Total,538000
2023,March,Daman and Diu,Male,391000
2023,March,Daman and Diu,Female,147000
2023,March,Dadra and Nagar Haveli,Total,488000
2023,March,Dadra and Nagar Haveli,Male,290000
2023,March,Dadra and Nagar Haveli,Female,198000
2023,March,Chhattisgarh,Total,8185000
2023,March,Chhattisgarh,Male,4185000
2023,March,Chhattisgarh,Female,4000000
2023,March,Chandigarh,Total,1230000
2023,March,Chandigarh,Male,675000
2023,March,Chandigarh,Female,555000
2023,March,Bihar,Total,15565000
2023,March,Bihar,Male,8214000
2023,March,Bihar,Female,7351000
2023,March,Assam,Total,5557000
2023,March,Assam,Male,2856000
2023,March,Assam,Female,2701000
2023,March,Arunachal Pradesh,Total,400000
2023,March,Arunachal Pradesh,Male,212000
2023,March,Arunachal Pradesh,Female,188000
2023,March,Andhra Pradesh,Total,19387000
2023,March,Andhra Pradesh,Male,9757000
2023,March,Andhra Pradesh,Female,9630000
2023,March,Andaman and Nicobar Islands,Total,178000
2023,March,Andaman and Nicobar Islands,Male,95000
2023,March,Andaman and Nicobar Islands,Female,83000
2023,March,All India,Total,486856000
2023,March,All India,Male,252294000
2023,March,All India,Female,234562000
2023,July,West Bengal,Total,36647000
2023,July,West Bengal,Male,18851000
2023,July,West Bengal,Female,17796000
2023,July,Uttarakhand,Total,4209000
2023,July,Uttarakhand,Male,2234000
2023,July,Uttarakhand,Female,1975000
2023,July,Uttar Pradesh,Total,56932000
2023,July,Uttar Pradesh,Male,30059000
2023,July,Uttar Pradesh,Female,26873000
2023,July,Tripura,Total,1646000
2023,July,Tripura,Male,834000
2023,July,Tripura,Female,812000
2023,July,Telangana,Total,18243000
2023,July,Telangana,Male,9181000
2023,July,Telangana,Female,9062000
2023,July,Tamil Nadu,Total,41415000
2023,July,Tamil Nadu,Male,20707000
2023,July,Tamil Nadu,Female,20707000
2023,July,Sikkim,Total,344000
2023,July,Sikkim,Male,180000
2023,July,Sikkim,Female,164000
2023,July,Rajasthan,Total,21680000
2023,July,Rajasthan,Male,11327000
2023,July,Rajasthan,Female,10353000
2023,July,Punjab,Total,12918000
2023,July,Punjab,Male,6889000
2023,July,Punjab,Female,6028000
2023,July,Puducherry,Total,1165000
2023,July,Puducherry,Male,570000
2023,July,Puducherry,Female,594000
2023,July,Odisha,Total,8760000
2023,July,Odisha,Male,4534000
2023,July,Odisha,Female,4226000
2023,July,Nagaland,Total,1037000
2023,July,Nagaland,Male,544000
2023,July,Nagaland,Female,493000
2023,July,Mizoram,Total,684000
2023,July,Mizoram,Male,342000
2023,July,Mizoram,Female,342000
2023,July,Meghalaya,Total,694000
2023,July,Meghalaya,Male,347000
2023,July,Meghalaya,Female,347000
2023,July,Manipur,Total,1051000
2023,July,Manipur,Male,519000
2023,July,Manipur,Female,532000
2023,July,Maharashtra,Total,61607000
2023,July,Maharashtra,Male,32374000
2023,July,Maharashtra,Female,29234000
2023,July,Madhya Pradesh,Total,25234000
2023,July,Madhya Pradesh,Male,13156000
2023,July,Madhya Pradesh,Female,12077000
2023,July,Lakshadweep,Total,68000
2023,July,Lakshadweep,Male,35000
2023,July,Lakshadweep,Female,33000
2023,July,Ladakh,Total,94000
2023,July,Ladakh,Male,62000
2023,July,Ladakh,Female,32000
2023,July,Kerala,Total,27232000
2023,July,Kerala,Male,13023000
2023,July,Kerala,Female,14209000
2023,July,Karnataka,Total,30233000
2023,July,Karnataka,Male,15401000
2023,July,Karnataka,Female,14831000
2023,July,Jharkhand,Total,10397000
2023,July,Jharkhand,Male,5444000
2023,July,Jharkhand,Female,4954000
2023,July,Jammu and Kashmir,Total,4176000
2023,July,Jammu and Kashmir,Male,2261000
2023,July,Jammu and Kashmir,Female,1915000
2023,July,Himachal Pradesh,Total,772000
2023,July,Himachal Pradesh,Male,417000
2023,July,Himachal Pradesh,Female,355000
2023,July,Haryana,Total,12827000
2023,July,Haryana,Male,6849000
2023,July,Haryana,Female,5979000
2023,July,Gujarat,Total,35104000
2023,July,Gujarat,Male,18673000
2023,July,Gujarat,Female,16432000
2023,July,Goa,Total,1201000
2023,July,Goa,Male,614000
2023,July,Goa,Female,587000
2023,July,Delhi,Total,21403000
2023,July,Delhi,Male,11458000
2023,July,Delhi,Female,9945000
2023,July,Daman and Diu,Total,554000
2023,July,Daman and Diu,Male,405000
2023,July,Daman and Diu,Female,150000
2023,July,Dadra and Nagar Haveli,Total,502000
2023,July,Dadra and Nagar Haveli,Male,298000
2023,July,Dadra and Nagar Haveli,Female,203000
2023,July,Chhattisgarh,Total,8248000
2023,July,Chhattisgarh,Male,4217000
2023,July,Chhattisgarh,Female,4031000
2023,July,Chandigarh,Total,1234000
2023,July,Chandigarh,Male,677000
2023,July,Chandigarh,Female,557000
2023,July,Bihar,Total,15674000
2023,July,Bihar,Male,8271000
2023,July,Bihar,Female,7403000
2023,July,Assam,Total,5589000
2023,July,Assam,Male,2872000
2023,July,Assam,Female,2717000
2023,July,Arunachal Pradesh,Total,403000
2023,July,Arunachal Pradesh,Male,213000
2023,July,Arunachal Pradesh,Female,190000
2023,July,Andhra Pradesh,Total,19517000
2023,July,Andhra Pradesh,Male,9823000
2023,July,Andhra Pradesh,Female,9695000
2023,July,Andaman and Nicobar Islands,Total,179000
2023,July,Andaman and Nicobar Islands,Male,95000
2023,July,Andaman and Nicobar Islands,Female,83000
2023,July,All India,Total,489672000
2023,July,All India,Male,253756000
2023,July,All India,Female,235916000
2022,October,West Bengal,Total,36204000
2022,October,West Bengal,Male,18623000
2022,October,West Bengal,Female,17581000
2022,October,Uttarakhand,Total,4137000
2022,October,Uttarakhand,Male,2196000
2022,October,Uttarakhand,Female,1941000
2022,October,Uttar Pradesh,Total,56248000
2022,October,Uttar Pradesh,Male,29698000
2022,October,Uttar Pradesh,Female,26550000
2022,October,Tripura,Total,1600000
2022,October,Tripura,Male,811000
2022,October,Tripura,Female,789000
2022,October,Telangana,Total,17968000
2022,October,Telangana,Male,9043000
2022,October,Telangana,Female,8925000
2022,October,Tamil Nadu,Total,41066000
2022,October,Tamil Nadu,Male,20533000
2022,October,Tamil Nadu,Female,20533000
2022,October,Sikkim,Total,331000
2022,October,Sikkim,Male,173000
2022,October,Sikkim,Female,158000
2022,October,Rajasthan,Total,21420000
2022,October,Rajasthan,Male,11191000
2022,October,Rajasthan,Female,10229000
2022,October,Punjab,Total,12773000
2022,October,Punjab,Male,6812000
2022,October,Punjab,Female,5961000
2022,October,Puducherry,Total,1143000
2022,October,Puducherry,Male,560000
2022,October,Puducherry,Female,583000
2022,October,Odisha,Total,8657000
2022,October,Odisha,Male,4481000
2022,October,Odisha,Female,4176000
2022,October,Nagaland,Total,1006000
2022,October,Nagaland,Male,527000
2022,October,Nagaland,Female,479000
2022,October,Mizoram,Total,677000
2022,October,Mizoram,Male,339000
2022,October,Mizoram,Female,338000
2022,October,Meghalaya,Total,688000
2022,October,Meghalaya,Male,344000
2022,October,Meghalaya,Female,344000
2022,October,Manipur,Total,1038000
2022,October,Manipur,Male,512000
2022,October,Manipur,Female,525000
2022,October,Maharashtra,Total,60995000
2022,October,Maharashtra,Male,32052000
2022,October,Maharashtra,Female,28943000
2022,October,Madhya Pradesh,Total,24938000
2022,October,Madhya Pradesh,Male,13002000
2022,October,Madhya Pradesh,Female,11936000
2022,October,Lakshadweep,Total,68000
2022,October,Lakshadweep,Male,35000
2022,October,Lakshadweep,Female,33000
2022,October,Ladakh,Total,92000
2022,October,Ladakh,Male,60000
2022,October,Ladakh,Female,32000
2022,October,Kerala,Total,26585000
2022,October,Kerala,Male,12714000
2022,October,Kerala,Female,13871000
2022,October,Karnataka,Total,29848000
2022,October,Karnataka,Male,15205000
2022,October,Karnataka,Female,14643000
2022,October,Jharkhand,Total,10249000
2022,October,Jharkhand,Male,5366000
2022,October,Jharkhand,Female,4883000
2022,October,Jammu and Kashmir,Total,4127000
2022,October,Jammu and Kashmir,Male,2235000
2022,October,Jammu and Kashmir,Female,1893000
2022,October,Himachal Pradesh,Total,768000
2022,October,Himachal Pradesh,Male,414000
2022,October,Himachal Pradesh,Female,353000
2022,October,Haryana,Total,12580000
2022,October,Haryana,Male,6716000
2022,October,Haryana,Female,5863000
2022,October,Gujarat,Total,34526000
2022,October,Gujarat,Male,18365000
2022,October,Gujarat,Female,16161000
2022,October,Goa,Total,1184000
2022,October,Goa,Male,606000
2022,October,Goa,Female,579000
2022,October,Delhi,Total,21094000
2022,October,Delhi,Male,11292000
2022,October,Delhi,Female,9802000
2022,October,Daman and Diu,Total,518000
2022,October,Daman and Diu,Male,374000
2022,October,Daman and Diu,Female,144000
2022,October,Dadra and Nagar Haveli,Total,471000
2022,October,Dadra and Nagar Haveli,Male,280000
2022,October,Dadra and Nagar Haveli,Female,191000
2022,October,Chhattisgarh,Total,8106000
2022,October,Chhattisgarh,Male,4144000
2022,October,Chhattisgarh,Female,3962000
2022,October,Chandigarh,Total,1225000
2022,October,Chandigarh,Male,672000
2022,October,Chandigarh,Female,553000
2022,October,Bihar,Total,15430000
2022,October,Bihar,Male,8142000
2022,October,Bihar,Female,7287000
2022,October,Assam,Total,5517000
2022,October,Assam,Male,2835000
2022,October,Assam,Female,2682000
2022,October,Arunachal Pradesh,Total,397000
2022,October,Arunachal Pradesh,Male,210000
2022,October,Arunachal Pradesh,Female,187000
2022,October,Andhra Pradesh,Total,19226000
2022,October,Andhra Pradesh,Male,9676000
2022,October,Andhra Pradesh,Female,9550000
2022,October,Andaman and Nicobar Islands,Total,177000
2022,October,Andaman and Nicobar Islands,Male,94000
2022,October,Andaman and Nicobar Islands,Female,82000
2022,October,All India,Total,483074000
2022,October,All India,Male,250332000
2022,October,All India,Female,232742000
2022,March,West Bengal,Total,35861000
2022,March,West Bengal,Male,18447000
2022,March,West Bengal,Female,17414000
2022,March,Uttarakhand,Total,4080000
2022,March,Uttarakhand,Male,2166000
2022,March,Uttarakhand,Female,1914000
2022,March,Uttar Pradesh,Total,55718000
2022,March,Uttar Pradesh,Male,29418000
2022,March,Uttar Pradesh,Female,26300000
2022,March,Tripura,Total,1565000
2022,March,Tripura,Male,793000
2022,March,Tripura,Female,772000
2022,March,Telangana,Total,17877000
2022,March,Telangana,Male,8997000
2022,March,Telangana,Female,8880000
2022,March,Tamil Nadu,Total,40795000
2022,March,Tamil Nadu,Male,20398000
2022,March,Tamil Nadu,Female,20398000
2022,March,Sikkim,Total,321000
2022,March,Sikkim,Male,168000
2022,March,Sikkim,Female,153000
2022,March,Rajasthan,Total,21218000
2022,March,Rajasthan,Male,11086000
2022,March,Rajasthan,Female,10132000
2022,March,Punjab,Total,12660000
2022,March,Punjab,Male,6752000
2022,March,Punjab,Female,5908000
2022,March,Puducherry,Total,1127000
2022,March,Puducherry,Male,552000
2022,March,Puducherry,Female,575000
2022,March,Odisha,Total,8576000
2022,March,Odisha,Male,4439000
2022,March,Odisha,Female,4137000
2022,March,Nagaland,Total,982000
2022,March,Nagaland,Male,515000
2022,March,Nagaland,Female,467000
2022,March,Mizoram,Total,672000
2022,March,Mizoram,Male,336000
2022,March,Mizoram,Female,336000
2022,March,Meghalaya,Total,684000
2022,March,Meghalaya,Male,342000
2022,March,Meghalaya,Female,342000
2022,March,Manipur,Total,1027000
2022,March,Manipur,Male,507000
2022,March,Manipur,Female,520000
2022,March,Maharashtra,Total,60520000
2022,March,Maharashtra,Male,31802000
2022,March,Maharashtra,Female,28718000
2022,March,Madhya Pradesh,Total,24709000
2022,March,Madhya Pradesh,Male,12883000
2022,March,Madhya Pradesh,Female,11826000
2022,March,Lakshadweep,Total,67000
2022,March,Lakshadweep,Male,34000
2022,March,Lakshadweep,Female,33000
2022,March,Ladakh,Total,90000
2022,March,Ladakh,Male,59000
2022,March,Ladakh,Female,31000
2022,March,Kerala,Total,26079000
2022,March,Kerala,Male,12472000
2022,March,Kerala,Female,13607000
2022,March,Karnataka,Total,29550000
2022,March,Karnataka,Male,15053000
2022,March,Karnataka,Female,14497000
2022,March,Jharkhand,Total,10133000
2022,March,Jharkhand,Male,5305000
2022,March,Jharkhand,Female,4828000
2022,March,Jammu and Kashmir,Total,4090000
2022,March,Jammu and Kashmir,Male,2214000
2022,March,Jammu and Kashmir,Female,1876000
2022,March,Himachal Pradesh,Total,764000
2022,March,Himachal Pradesh,Male,412000
2022,March,Himachal Pradesh,Female,352000
2022,March,Haryana,Total,12388000
2022,March,Haryana,Male,6614000
2022,March,Haryana,Female,5774000
2022,March,Gujarat,Total,34077000
2022,March,Gujarat,Male,18126000
2022,March,Gujarat,Female,15951000
2022,March,Goa,Total,1171000
2022,March,Goa,Male,599000
2022,March,Goa,Female,572000
2022,March,Delhi,Total,20853000
2022,March,Delhi,Male,11163000
2022,March,Delhi,Female,9690000
2022,March,Daman and Diu,Total,489000
2022,March,Daman and Diu,Male,350000
2022,March,Daman and Diu,Female,139000
2022,March,Dadra and Nagar Haveli,Total,448000
2022,March,Dadra and Nagar Haveli,Male,266000
2022,March,Dadra and Nagar Haveli,Female,182000
2022,March,Chhattisgarh,Total,7996000
2022,March,Chhattisgarh,Male,4088000
2022,March,Chhattisgarh,Female,3908000
2022,March,Chandigarh,Total,1218000
2022,March,Chandigarh,Male,668000
2022,March,Chandigarh,Female,550000
2022,March,Bihar,Total,15240000
2022,March,Bihar,Male,8042000
2022,March,Bihar,Female,7198000
2022,March,Assam,Total,5462000
2022,March,Assam,Male,2807000
2022,March,Assam,Female,2655000
2022,March,Arunachal Pradesh,Total,393000
2022,March,Arunachal Pradesh,Male,208000
2022,March,Arunachal Pradesh,Female,185000
2022,March,Andhra Pradesh,Total,19000000
2022,March,Andhra Pradesh,Male,9562000
2022,March,Andhra Pradesh,Female,9438000
2022,March,Andaman and Nicobar Islands,Total,175000
2022,March,Andaman and Nicobar Islands,Male,93000
2022,March,Andaman and Nicobar Islands,Female,82000
2022,March,All India,Total,478076000
2022,March,All India,Male,247736000
2022,March,All India,Female,230340000
2022,July,West Bengal,Total,36057000
2022,July,West Bengal,Male,18548000
2022,July,West Bengal,Female,17509000
2022,July,Uttarakhand,Total,4112000
2022,July,Uttarakhand,Male,2183000
2022,July,Uttarakhand,Female,1930000
2022,July,Uttar Pradesh,Total,56021000
2022,July,Uttar Pradesh,Male,29578000
2022,July,Uttar Pradesh,Female,26443000
2022,July,Tripura,Total,1585000
2022,July,Tripura,Male,803000
2022,July,Tripura,Female,782000
2022,July,Telangana,Total,17877000
2022,July,Telangana,Male,8997000
2022,July,Telangana,Female,8880000
2022,July,Tamil Nadu,Total,40950000
2022,July,Tamil Nadu,Male,20475000
2022,July,Tamil Nadu,Female,20475000
2022,July,Sikkim,Total,327000
2022,July,Sikkim,Male,171000
2022,July,Sikkim,Female,156000
2022,July,Rajasthan,Total,21333000
2022,July,Rajasthan,Male,11146000
2022,July,Rajasthan,Female,10187000
2022,July,Punjab,Total,12724000
2022,July,Punjab,Male,6786000
2022,July,Punjab,Female,5938000
2022,July,Puducherry,Total,1136000
2022,July,Puducherry,Male,556000
2022,July,Puducherry,Female,580000
2022,July,Odisha,Total,8622000
2022,July,Odisha,Male,4463000
2022,July,Odisha,Female,4159000
2022,July,Nagaland,Total,996000
2022,July,Nagaland,Male,522000
2022,July,Nagaland,Female,474000
2022,July,Mizoram,Total,675000
2022,July,Mizoram,Male,338000
2022,July,Mizoram,Female,337000
2022,July,Meghalaya,Total,686000
2022,July,Meghalaya,Male,343000
2022,July,Meghalaya,Female,343000
2022,July,Manipur,Total,1033000
2022,July,Manipur,Male,510000
2022,July,Manipur,Female,523000
2022,July,Maharashtra,Total,60791000
2022,July,Maharashtra,Male,31945000
2022,July,Maharashtra,Female,28846000
2022,July,Madhya Pradesh,Total,24840000
2022,July,Madhya Pradesh,Male,12951000
2022,July,Madhya Pradesh,Female,11889000
2022,July,Lakshadweep,Total,67000
2022,July,Lakshadweep,Male,35000
2022,July,Lakshadweep,Female,33000
2022,July,Ladakh,Total,91000
2022,July,Ladakh,Male,60000
2022,July,Ladakh,Female,31000
2022,July,Kerala,Total,26368000
2022,July,Kerala,Male,12610000
2022,July,Kerala,Female,13758000
2022,July,Karnataka,Total,29720000
2022,July,Karnataka,Male,15140000
2022,July,Karnataka,Female,14580000
2022,July,Jharkhand,Total,10199000
2022,July,Jharkhand,Male,5340000
2022,July,Jharkhand,Female,4859000
2022,July,Jammu and Kashmir,Total,4111000
2022,July,Jammu and Kashmir,Male,2226000
2022,July,Jammu and Kashmir,Female,1885000
2022,July,Himachal Pradesh,Total,766000
2022,July,Himachal Pradesh,Male,413000
2022,July,Himachal Pradesh,Female,353000
2022,July,Haryana,Total,12498000
2022,July,Haryana,Male,6673000
2022,July,Haryana,Female,5825000
2022,July,Gujarat,Total,34333000
2022,July,Gujarat,Male,18262000
2022,July,Gujarat,Female,16071000
2022,July,Goa,Total,1179000
2022,July,Goa,Male,603000
2022,July,Goa,Female,576000
2022,July,Delhi,Total,20991000
2022,July,Delhi,Male,11237000
2022,July,Delhi,Female,9754000
2022,July,Daman and Diu,Total,505000
2022,July,Daman and Diu,Male,364000
2022,July,Daman and Diu,Female,142000
2022,July,Dadra and Nagar Haveli,Total,461000
2022,July,Dadra and Nagar Haveli,Male,274000
2022,July,Dadra and Nagar Haveli,Female,187000
2022,July,Chhattisgarh,Total,8059000
2022,July,Chhattisgarh,Male,4120000
2022,July,Chhattisgarh,Female,3939000
2022,July,Chandigarh,Total,1222000
2022,July,Chandigarh,Male,671000
2022,July,Chandigarh,Female,551000
2022,July,Bihar,Total,15348000
2022,July,Bihar,Male,8099000
2022,July,Bihar,Female,7249000
2022,July,Assam,Total,5494000
2022,July,Assam,Male,2823000
2022,July,Assam,Female,2671000
2022,July,Arunachal Pradesh,Total,395000
2022,July,Arunachal Pradesh,Male,209000
2022,July,Arunachal Pradesh,Female,186000
2022,July,Andhra Pradesh,Total,19129000
2022,July,Andhra Pradesh,Male,9627000
2022,July,Andhra Pradesh,Female,9502000
2022,July,Andaman and Nicobar Islands,Total,176000
2022,July,Andaman and Nicobar Islands,Male,94000
2022,July,Andaman and Nicobar Islands,Female,82000
2022,July,All India,Total,480880000
2022,July,All India,Male,249195000
2022,July,All India,Female,231685000
2021,October,West Bengal,Total,35619000
2021,October,West Bengal,Male,18322000
2021,October,West Bengal,Female,17296000
2021,October,Uttarakhand,Total,4040000
2021,October,Uttarakhand,Male,2145000
2021,October,Uttarakhand,Female,1896000
2021,October,Uttar Pradesh,Total,55342000
2021,October,Uttar Pradesh,Male,29220000
2021,October,Uttar Pradesh,Female,26122000
2021,October,Tripura,Total,1540000
2021,October,Tripura,Male,781000
2021,October,Tripura,Female,759000
2021,October,Telangana,Total,17605000
2021,October,Telangana,Male,8860000
2021,October,Telangana,Female,8745000
2021,October,Tamil Nadu,Total,40603000
2021,October,Tamil Nadu,Male,20301000
2021,October,Tamil Nadu,Female,20301000
2021,October,Sikkim,Total,314000
2021,October,Sikkim,Male,164000
2021,October,Sikkim,Female,150000
2021,October,Rajasthan,Total,21075000
2021,October,Rajasthan,Male,11011000
2021,October,Rajasthan,Female,10064000
2021,October,Punjab,Total,12580000
2021,October,Punjab,Male,6710000
2021,October,Punjab,Female,5871000
2021,October,Puducherry,Total,1115000
2021,October,Puducherry,Male,546000
2021,October,Puducherry,Female,569000
2021,October,Odisha,Total,8519000
2021,October,Odisha,Male,4409000
2021,October,Odisha,Female,4110000
2021,October,Nagaland,Total,965000
2021,October,Nagaland,Male,506000
2021,October,Nagaland,Female,459000
2021,October,Mizoram,Total,668000
2021,October,Mizoram,Male,334000
2021,October,Mizoram,Female,334000
2021,October,Meghalaya,Total,681000
2021,October,Meghalaya,Male,340000
2021,October,Meghalaya,Female,341000
2021,October,Manipur,Total,1020000
2021,October,Manipur,Male,503000
2021,October,Manipur,Female,516000
2021,October,Maharashtra,Total,60183000
2021,October,Maharashtra,Male,31625000
2021,October,Maharashtra,Female,28557000
2021,October,Madhya Pradesh,Total,24546000
2021,October,Madhya Pradesh,Male,12798000
2021,October,Madhya Pradesh,Female,11748000
2021,October,Lakshadweep,Total,67000
2021,October,Lakshadweep,Male,34000
2021,October,Lakshadweep,Female,32000
2021,October,Ladakh,Total,89000
2021,October,Ladakh,Male,58000
2021,October,Ladakh,Female,31000
2021,October,Kerala,Total,25713000
2021,October,Kerala,Male,12297000
2021,October,Kerala,Female,13416000
2021,October,Karnataka,Total,29339000
2021,October,Karnataka,Male,14946000
2021,October,Karnataka,Female,14393000
2021,October,Jharkhand,Total,10052000
2021,October,Jharkhand,Male,5263000
2021,October,Jharkhand,Female,4789000
2021,October,Jammu and Kashmir,Total,4063000
2021,October,Jammu and Kashmir,Male,2200000
2021,October,Jammu and Kashmir,Female,1863000
2021,October,Himachal Pradesh,Total,762000
2021,October,Himachal Pradesh,Male,411000
2021,October,Himachal Pradesh,Female,351000
2021,October,Haryana,Total,12253000
2021,October,Haryana,Male,6542000
2021,October,Haryana,Female,5711000
2021,October,Gujarat,Total,33760000
2021,October,Gujarat,Male,17957000
2021,October,Gujarat,Female,15802000
2021,October,Goa,Total,1161000
2021,October,Goa,Male,594000
2021,October,Goa,Female,568000
2021,October,Delhi,Total,20680000
2021,October,Delhi,Male,11071000
2021,October,Delhi,Female,9609000
2021,October,Daman and Diu,Total,469000
2021,October,Daman and Diu,Male,333000
2021,October,Daman and Diu,Female,136000
2021,October,Dadra and Nagar Haveli,Total,431000
2021,October,Dadra and Nagar Haveli,Male,256000
2021,October,Dadra and Nagar Haveli,Female,175000
2021,October,Chhattisgarh,Total,7919000
2021,October,Chhattisgarh,Male,4048000
2021,October,Chhattisgarh,Female,3870000
2021,October,Chandigarh,Total,1212000
2021,October,Chandigarh,Male,665000
2021,October,Chandigarh,Female,547000
2021,October,Bihar,Total,15105000
2021,October,Bihar,Male,7971000
2021,October,Bihar,Female,7134000
2021,October,Assam,Total,5423000
2021,October,Assam,Male,2787000
2021,October,Assam,Female,2636000
2021,October,Arunachal Pradesh,Total,390000
2021,October,Arunachal Pradesh,Male,206000
2021,October,Arunachal Pradesh,Female,184000
2021,October,Andhra Pradesh,Total,18841000
2021,October,Andhra Pradesh,Male,9482000
2021,October,Andhra Pradesh,Female,9359000
2021,October,Andaman and Nicobar Islands,Total,174000
2021,October,Andaman and Nicobar Islands,Male,93000
2021,October,Andaman and Nicobar Islands,Female,81000
2021,October,All India,Total,474314000
2021,October,All India,Male,245789000
2021,October,All India,Female,228525000
2021,March,West Bengal,Total,35280000
2021,March,West Bengal,Male,18148000
2021,March,West Bengal,Female,17132000
2021,March,Uttarakhand,Total,3985000
2021,March,Uttarakhand,Male,2115000
2021,March,Uttarakhand,Female,1870000
2021,March,Uttar Pradesh,Total,54815000
2021,March,Uttar Pradesh,Male,28941000
2021,March,Uttar Pradesh,Female,25874000
2021,March,Tripura,Total,1505000
2021,March,Tripura,Male,763000
2021,March,Tripura,Female,742000
2021,March,Telangana,Total,17514000
2021,March,Telangana,Male,8814000
2021,March,Telangana,Female,8700000
2021,March,Tamil Nadu,Total,40334000
2021,March,Tamil Nadu,Male,20167000
2021,March,Tamil Nadu,Female,20167000
2021,March,Sikkim,Total,304000
2021,March,Sikkim,Male,159000
2021,March,Sikkim,Female,145000
2021,March,Rajasthan,Total,20874000
2021,March,Rajasthan,Male,10906000
2021,March,Rajasthan,Female,9968000
2021,March,Punjab,Total,12469000
2021,March,Punjab,Male,6650000
2021,March,Punjab,Female,5819000
2021,March,Puducherry,Total,1098000
2021,March,Puducherry,Male,538000
2021,March,Puducherry,Female,560000
2021,March,Odisha,Total,8439000
2021,March,Odisha,Male,4368000
2021,March,Odisha,Female,4071000
2021,March,Nagaland,Total,941000
2021,March,Nagaland,Male,493000
2021,March,Nagaland,Female,448000
2021,March,Mizoram,Total,663000
2021,March,Mizoram,Male,332000
2021,March,Mizoram,Female,331000
2021,March,Meghalaya,Total,676000
2021,March,Meghalaya,Male,338000
2021,March,Meghalaya,Female,338000
2021,March,Manipur,Total,1009000
2021,March,Manipur,Male,498000
2021,March,Manipur,Female,511000
2021,March,Maharashtra,Total,59710000
2021,March,Maharashtra,Male,31377000
2021,March,Maharashtra,Female,28333000
2021,March,Madhya Pradesh,Total,24318000
2021,March,Madhya Pradesh,Male,12679000
2021,March,Madhya Pradesh,Female,11639000
2021,March,Lakshadweep,Total,66000
2021,March,Lakshadweep,Male,34000
2021,March,Lakshadweep,Female,32000
2021,March,Ladakh,Total,88000
2021,March,Ladakh,Male,58000
2021,March,Ladakh,Female,30000
2021,March,Kerala,Total,25200000
2021,March,Kerala,Male,12052000
2021,March,Kerala,Female,13148000
2021,March,Karnataka,Total,29044000
2021,March,Karnataka,Male,14796000
2021,March,Karnataka,Female,14248000
2021,March,Jharkhand,Total,9938000
2021,March,Jharkhand,Male,5203000
2021,March,Jharkhand,Female,4735000
2021,March,Jammu and Kashmir,Total,4026000
2021,March,Jammu and Kashmir,Male,2180000
2021,March,Jammu and Kashmir,Female,1846000
2021,March,Himachal Pradesh,Total,759000
2021,March,Himachal Pradesh,Male,410000
2021,March,Himachal Pradesh,Female,349000
2021,March,Haryana,Total,12064000
2021,March,Haryana,Male,6441000
2021,March,Haryana,Female,5623000
2021,March,Gujarat,Total,33315000
2021,March,Gujarat,Male,17721000
2021,March,Gujarat,Female,15594000
2021,March,Goa,Total,1148000
2021,March,Goa,Male,587000
2021,March,Goa,Female,561000
2021,March,Delhi,Total,20438000
2021,March,Delhi,Male,10941000
2021,March,Delhi,Female,9497000
2021,March,Daman and Diu,Total,441000
2021,March,Daman and Diu,Male,310000
2021,March,Daman and Diu,Female,131000
2021,March,Dadra and Nagar Haveli,Total,408000
2021,March,Dadra and Nagar Haveli,Male,243000
2021,March,Dadra and Nagar Haveli,Female,165000
2021,March,Chhattisgarh,Total,7810000
2021,March,Chhattisgarh,Male,3993000
2021,March,Chhattisgarh,Female,3817000
2021,March,Chandigarh,Total,1204000
2021,March,Chandigarh,Male,661000
2021,March,Chandigarh,Female,543000
2021,March,Bihar,Total,14917000
2021,March,Bihar,Male,7872000
2021,March,Bihar,Female,7045000
2021,March,Assam,Total,5368000
2021,March,Assam,Male,2758000
2021,March,Assam,Female,2610000
2021,March,Arunachal Pradesh,Total,386000
2021,March,Arunachal Pradesh,Male,204000
2021,March,Arunachal Pradesh,Female,182000
2021,March,Andhra Pradesh,Total,18618000
2021,March,Andhra Pradesh,Male,9370000
2021,March,Andhra Pradesh,Female,9248000
2021,March,Andaman and Nicobar Islands,Total,172000
2021,March,Andaman and Nicobar Islands,Male,92000
2021,March,Andaman and Nicobar Islands,Female,80000
2021,March,All India,Total,469344000
2021,March,All India,Male,243212000
2021,March,All India,Female,226132000
2021,July,West Bengal,Total,35474000
2021,July,West Bengal,Male,18248000
2021,July,West Bengal,Female,17226000
2021,July,Uttarakhand,Total,4017000
2021,July,Uttarakhand,Male,2132000
2021,July,Uttarakhand,Female,1885000
2021,July,Uttar Pradesh,Total,55116000
2021,July,Uttar Pradesh,Male,29100000
2021,July,Uttar Pradesh,Female,26016000
2021,July,Tripura,Total,1525000
2021,July,Tripura,Male,773000
2021,July,Tripura,Female,752000
2021,July,Telangana,Total,17514000
2021,July,Telangana,Male,8814000
2021,July,Telangana,Female,8700000
2021,July,Tamil Nadu,Total,40488000
2021,July,Tamil Nadu,Male,20244000
2021,July,Tamil Nadu,Female,20244000
2021,July,Sikkim,Total,310000
2021,July,Sikkim,Male,162000
2021,July,Sikkim,Female,148000
2021,July,Rajasthan,Total,20989000
2021,July,Rajasthan,Male,10966000
2021,July,Rajasthan,Female,10023000
2021,July,Punjab,Total,12533000
2021,July,Punjab,Male,6684000
2021,July,Punjab,Female,5849000
2021,July,Puducherry,Total,1108000
2021,July,Puducherry,Male,542000
2021,July,Puducherry,Female,565000
2021,July,Odisha,Total,8485000
2021,July,Odisha,Male,4392000
2021,July,Odisha,Female,4093000
2021,July,Nagaland,Total,955000
2021,July,Nagaland,Male,500000
2021,July,Nagaland,Female,454000
2021,July,Mizoram,Total,666000
2021,July,Mizoram,Male,333000
2021,July,Mizoram,Female,333000
2021,July,Meghalaya,Total,679000
2021,July,Meghalaya,Male,339000
2021,July,Meghalaya,Female,340000
2021,July,Manipur,Total,1015000
2021,July,Manipur,Male,501000
2021,July,Manipur,Female,514000
2021,July,Maharashtra,Total,59980000
2021,July,Maharashtra,Male,31519000
2021,July,Maharashtra,Female,28461000
2021,July,Madhya Pradesh,Total,24448000
2021,July,Madhya Pradesh,Male,12747000
2021,July,Madhya Pradesh,Female,11702000
2021,July,Lakshadweep,Total,66000
2021,July,Lakshadweep,Male,34000
2021,July,Lakshadweep,Female,32000
2021,July,Ladakh,Total,89000
2021,July,Ladakh,Male,58000
2021,July,Ladakh,Female,31000
2021,July,Kerala,Total,25493000
2021,July,Kerala,Male,12192000
2021,July,Kerala,Female,13301000
2021,July,Karnataka,Total,29213000
2021,July,Karnataka,Male,14882000
2021,July,Karnataka,Female,14331000
2021,July,Jharkhand,Total,10003000
2021,July,Jharkhand,Male,5237000
2021,July,Jharkhand,Female,4766000
2021,July,Jammu and Kashmir,Total,4047000
2021,July,Jammu and Kashmir,Male,2191000
2021,July,Jammu and Kashmir,Female,1856000
2021,July,Himachal Pradesh,Total,761000
2021,July,Himachal Pradesh,Male,411000
2021,July,Himachal Pradesh,Female,350000
2021,July,Haryana,Total,12172000
2021,July,Haryana,Male,6499000
2021,July,Haryana,Female,5673000
2021,July,Gujarat,Total,33569000
2021,July,Gujarat,Male,17856000
2021,July,Gujarat,Female,15713000
2021,July,Goa,Total,1156000
2021,July,Goa,Male,591000
2021,July,Goa,Female,565000
2021,July,Delhi,Total,20576000
2021,July,Delhi,Male,11015000
2021,July,Delhi,Female,9561000
2021,July,Daman and Diu,Total,457000
2021,July,Daman and Diu,Male,323000
2021,July,Daman and Diu,Female,134000
2021,July,Dadra and Nagar Haveli,Total,421000
2021,July,Dadra and Nagar Haveli,Male,250000
2021,July,Dadra and Nagar Haveli,Female,171000
2021,July,Chhattisgarh,Total,7872000
2021,July,Chhattisgarh,Male,4025000
2021,July,Chhattisgarh,Female,3847000
2021,July,Chandigarh,Total,1209000
2021,July,Chandigarh,Male,663000
2021,July,Chandigarh,Female,545000
2021,July,Bihar,Total,15025000
2021,July,Bihar,Male,7929000
2021,July,Bihar,Female,7096000
2021,July,Assam,Total,5399000
2021,July,Assam,Male,2775000
2021,July,Assam,Female,2625000
2021,July,Arunachal Pradesh,Total,388000
2021,July,Arunachal Pradesh,Male,205000
2021,July,Arunachal Pradesh,Female,183000
2021,July,Andhra Pradesh,Total,18745000
2021,July,Andhra Pradesh,Male,9434000
2021,July,Andhra Pradesh,Female,9311000
2021,July,Andaman and Nicobar Islands,Total,173000
2021,July,Andaman and Nicobar Islands,Male,92000
2021,July,Andaman and Nicobar Islands,Female,81000
2021,July,All India,Total,472135000
2021,July,All India,Male,244658000
2021,July,All India,Female,227477000
2020,October,West Bengal,Total,35020000
2020,October,West Bengal,Male,18015000
2020,October,West Bengal,Female,17006000
2020,October,Uttarakhand,Total,3944000
2020,October,Uttarakhand,Male,2094000
2020,October,Uttarakhand,Female,1851000
2020,October,Uttar Pradesh,Total,54385000
2020,October,Uttar Pradesh,Male,28714000
2020,October,Uttar Pradesh,Female,25671000
2020,October,Tripura,Total,1480000
2020,October,Tripura,Male,750000
2020,October,Tripura,Female,730000
2020,October,Telangana,Total,17232000
2020,October,Telangana,Male,8672000
2020,October,Telangana,Female,8560000
2020,October,Tamil Nadu,Total,40116000
2020,October,Tamil Nadu,Male,20058000
2020,October,Tamil Nadu,Female,20058000
2020,October,Sikkim,Total,297000
2020,October,Sikkim,Male,155000
2020,October,Sikkim,Female,142000
2020,October,Rajasthan,Total,20717000
2020,October,Rajasthan,Male,10824000
2020,October,Rajasthan,Female,9893000
2020,October,Punjab,Total,12383000
2020,October,Punjab,Male,6604000
2020,October,Punjab,Female,5779000
2020,October,Puducherry,Total,1088000
2020,October,Puducherry,Male,533000
2020,October,Puducherry,Female,555000
2020,October,Odisha,Total,8378000
2020,October,Odisha,Male,4337000
2020,October,Odisha,Female,4042000
2020,October,Nagaland,Total,924000
2020,October,Nagaland,Male,484000
2020,October,Nagaland,Female,440000
2020,October,Mizoram,Total,659000
2020,October,Mizoram,Male,330000
2020,October,Mizoram,Female,329000
2020,October,Meghalaya,Total,673000
2020,October,Meghalaya,Male,336000
2020,October,Meghalaya,Female,337000
2020,October,Manipur,Total,1002000
2020,October,Manipur,Male,494000
2020,October,Manipur,Female,507000
2020,October,Maharashtra,Total,59342000
2020,October,Maharashtra,Male,31183000
2020,October,Maharashtra,Female,28158000
2020,October,Madhya Pradesh,Total,24143000
2020,October,Madhya Pradesh,Male,12587000
2020,October,Madhya Pradesh,Female,11555000
2020,October,Lakshadweep,Total,66000
2020,October,Lakshadweep,Male,34000
2020,October,Lakshadweep,Female,32000
2020,October,Ladakh,Total,87000
2020,October,Ladakh,Male,57000
2020,October,Ladakh,Female,30000
2020,October,Kerala,Total,24820000
2020,October,Kerala,Male,11870000
2020,October,Kerala,Female,12950000
2020,October,Karnataka,Total,28817000
2020,October,Karnataka,Male,14680000
2020,October,Karnataka,Female,14137000
2020,October,Jharkhand,Total,9853000
2020,October,Jharkhand,Male,5159000
2020,October,Jharkhand,Female,4694000
2020,October,Jammu and Kashmir,Total,3999000
2020,October,Jammu and Kashmir,Male,2165000
2020,October,Jammu and Kashmir,Female,1834000
2020,October,Himachal Pradesh,Total,756000
2020,October,Himachal Pradesh,Male,408000
2020,October,Himachal Pradesh,Female,348000
2020,October,Haryana,Total,11923000
2020,October,Haryana,Male,6366000
2020,October,Haryana,Female,5557000
2020,October,Gujarat,Total,32988000
2020,October,Gujarat,Male,17547000
2020,October,Gujarat,Female,15441000
2020,October,Goa,Total,1138000
2020,October,Goa,Male,582000
2020,October,Goa,Female,556000
2020,October,Delhi,Total,20271000
2020,October,Delhi,Male,10852000
2020,October,Delhi,Female,9419000
2020,October,Daman and Diu,Total,428000
2020,October,Daman and Diu,Male,300000
2020,October,Daman and Diu,Female,129000
2020,October,Dadra and Nagar Haveli,Total,396000
2020,October,Dadra and Nagar Haveli,Male,235000
2020,October,Dadra and Nagar Haveli,Female,160000
2020,October,Chhattisgarh,Total,7729000
2020,October,Chhattisgarh,Male,3951000
2020,October,Chhattisgarh,Female,3777000
2020,October,Chandigarh,Total,1198000
2020,October,Chandigarh,Male,657000
2020,October,Chandigarh,Female,540000
2020,October,Bihar,Total,14787000
2020,October,Bihar,Male,7803000
2020,October,Bihar,Female,6984000
2020,October,Assam,Total,5326000
2020,October,Assam,Male,2737000
2020,October,Assam,Female,2589000
2020,October,Arunachal Pradesh,Total,383000
2020,October,Arunachal Pradesh,Male,203000
2020,October,Arunachal Pradesh,Female,180000
2020,October,Andhra Pradesh,Total,18446000
2020,October,Andhra Pradesh,Male,9284000
2020,October,Andhra Pradesh,Female,9163000
2020,October,Andaman and Nicobar Islands,Total,171000
2020,October,Andaman and Nicobar Islands,Male,91000
2020,October,Andaman and Nicobar Islands,Female,80000
2020,October,All India,Total,465363000
2020,October,All India,Male,241151000
2020,October,All India,Female,224213000
2020,March,West Bengal,Total,34657000
2020,March,West Bengal,Male,17828000
2020,March,West Bengal,Female,16829000
2020,March,Uttarakhand,Total,3887000
2020,March,Uttarakhand,Male,2063000
2020,March,Uttarakhand,Female,1824000
2020,March,Uttar Pradesh,Total,53783000
2020,March,Uttar Pradesh,Male,28397000
2020,March,Uttar Pradesh,Female,25386000
2020,March,Tripura,Total,1446000
2020,March,Tripura,Male,733000
2020,March,Tripura,Female,713000
2020,March,Telangana,Total,17135000
2020,March,Telangana,Male,8623000
2020,March,Telangana,Female,8511000
2020,March,Tamil Nadu,Total,39811000
2020,March,Tamil Nadu,Male,19906000
2020,March,Tamil Nadu,Female,19906000
2020,March,Sikkim,Total,287000
2020,March,Sikkim,Male,150000
2020,March,Sikkim,Female,137000
2020,March,Rajasthan,Total,20497000
2020,March,Rajasthan,Male,10709000
2020,March,Rajasthan,Female,9788000
2020,March,Punjab,Total,12262000
2020,March,Punjab,Male,6540000
2020,March,Punjab,Female,5722000
2020,March,Puducherry,Total,1073000
2020,March,Puducherry,Male,525000
2020,March,Puducherry,Female,548000
2020,March,Odisha,Total,8293000
2020,March,Odisha,Male,4292000
2020,March,Odisha,Female,4001000
2020,March,Nagaland,Total,901000
2020,March,Nagaland,Male,472000
2020,March,Nagaland,Female,429000
2020,March,Mizoram,Total,654000
2020,March,Mizoram,Male,327000
2020,March,Mizoram,Female,327000
2020,March,Meghalaya,Total,668000
2020,March,Meghalaya,Male,334000
2020,March,Meghalaya,Female,334000
2020,March,Manipur,Total,991000
2020,March,Manipur,Male,489000
2020,March,Manipur,Female,502000
2020,March,Maharashtra,Total,58826000
2020,March,Maharashtra,Male,30912000
2020,March,Maharashtra,Female,27914000
2020,March,Madhya Pradesh,Total,23897000
2020,March,Madhya Pradesh,Male,12459000
2020,March,Madhya Pradesh,Female,11438000
2020,March,Lakshadweep,Total,65000
2020,March,Lakshadweep,Male,33000
2020,March,Lakshadweep,Female,32000
2020,March,Ladakh,Total,85000
2020,March,Ladakh,Male,56000
2020,March,Ladakh,Female,29000
2020,March,Kerala,Total,24287000
2020,March,Kerala,Male,11615000
2020,March,Kerala,Female,12672000
2020,March,Karnataka,Total,28500000
2020,March,Karnataka,Male,14519000
2020,March,Karnataka,Female,13981000
2020,March,Jharkhand,Total,9734000
2020,March,Jharkhand,Male,5096000
2020,March,Jharkhand,Female,4638000
2020,March,Jammu and Kashmir,Total,3961000
2020,March,Jammu and Kashmir,Male,2145000
2020,March,Jammu and Kashmir,Female,1816000
2020,March,Himachal Pradesh,Total,752000
2020,March,Himachal Pradesh,Male,406000
2020,March,Himachal Pradesh,Female,346000
2020,March,Haryana,Total,11726000
2020,March,Haryana,Male,6261000
2020,March,Haryana,Female,5465000
2020,March,Gujarat,Total,32529000
2020,March,Gujarat,Male,17303000
2020,March,Gujarat,Female,15226000
2020,March,Goa,Total,1124000
2020,March,Goa,Male,575000
2020,March,Goa,Female,549000
2020,March,Delhi,Total,20037000
2020,March,Delhi,Male,10726000
2020,March,Delhi,Female,9311000
2020,March,Daman and Diu,Total,410000
2020,March,Daman and Diu,Male,285000
2020,March,Daman and Diu,Female,125000
2020,March,Dadra and Nagar Haveli,Total,378000
2020,March,Dadra and Nagar Haveli,Male,225000
2020,March,Dadra and Nagar Haveli,Female,153000
2020,March,Chhattisgarh,Total,7615000
2020,March,Chhattisgarh,Male,3893000
2020,March,Chhattisgarh,Female,3722000
2020,March,Chandigarh,Total,1189000
2020,March,Chandigarh,Male,653000
2020,March,Chandigarh,Female,536000
2020,March,Bihar,Total,14604000
2020,March,Bihar,Male,7707000
2020,March,Bihar,Female,6897000
2020,March,Assam,Total,5268000
2020,March,Assam,Male,2707000
2020,March,Assam,Female,2561000
2020,March,Arunachal Pradesh,Total,379000
2020,March,Arunachal Pradesh,Male,201000
2020,March,Arunachal Pradesh,Female,178000
2020,March,Andhra Pradesh,Total,18206000
2020,March,Andhra Pradesh,Male,9163000
2020,March,Andhra Pradesh,Female,9043000
2020,March,Andaman and Nicobar Islands,Total,169000
2020,March,Andaman and Nicobar Islands,Male,90000
2020,March,Andaman and Nicobar Islands,Female,79000
2020,March,All India,Total,460086000
2020,March,All India,Male,238418000
2020,March,All India,Female,221668000
2020,July,West Bengal,Total,34865000
2020,July,West Bengal,Male,17934000
2020,July,West Bengal,Female,16930000
2020,July,Uttarakhand,Total,3920000
2020,July,Uttarakhand,Male,2081000
2020,July,Uttarakhand,Female,1839000
2020,July,Uttar Pradesh,Total,54127000
2020,July,Uttar Pradesh,Male,28578000
2020,July,Uttar Pradesh,Female,25549000
2020,July,Tripura,Total,1466000
2020,July,Tripura,Male,743000
2020,July,Tripura,Female,723000
2020,July,Telangana,Total,17135000
2020,July,Telangana,Male,8623000
2020,July,Telangana,Female,8511000
2020,July,Tamil Nadu,Total,39985000
2020,July,Tamil Nadu,Male,19993000
2020,July,Tamil Nadu,Female,19993000
2020,July,Sikkim,Total,293000
2020,July,Sikkim,Male,153000
2020,July,Sikkim,Female,140000
2020,July,Rajasthan,Total,20623000
2020,July,Rajasthan,Male,10775000
2020,July,Rajasthan,Female,9848000
2020,July,Punjab,Total,12331000
2020,July,Punjab,Male,6577000
2020,July,Punjab,Female,5754000
2020,July,Puducherry,Total,1081000
2020,July,Puducherry,Male,530000
2020,July,Puducherry,Female,552000
2020,July,Odisha,Total,8342000
2020,July,Odisha,Male,4318000
2020,July,Odisha,Female,4024000
2020,July,Nagaland,Total,914000
2020,July,Nagaland,Male,479000
2020,July,Nagaland,Female,435000
2020,July,Mizoram,Total,657000
2020,July,Mizoram,Male,329000
2020,July,Mizoram,Female,328000
2020,July,Meghalaya,Total,671000
2020,July,Meghalaya,Male,335000
2020,July,Meghalaya,Female,336000
2020,July,Manipur,Total,997000
2020,July,Manipur,Male,492000
2020,July,Manipur,Female,505000
2020,July,Maharashtra,Total,59121000
2020,July,Maharashtra,Male,31067000
2020,July,Maharashtra,Female,28054000
2020,July,Madhya Pradesh,Total,24037000
2020,July,Madhya Pradesh,Male,12532000
2020,July,Madhya Pradesh,Female,11505000
2020,July,Lakshadweep,Total,65000
2020,July,Lakshadweep,Male,34000
2020,July,Lakshadweep,Female,32000
2020,July,Ladakh,Total,86000
2020,July,Ladakh,Male,56000
2020,July,Ladakh,Female,30000
2020,July,Kerala,Total,24591000
2020,July,Kerala,Male,11761000
2020,July,Kerala,Female,12831000
2020,July,Karnataka,Total,28681000
2020,July,Karnataka,Male,14611000
2020,July,Karnataka,Female,14070000
2020,July,Jharkhand,Total,9802000
2020,July,Jharkhand,Male,5132000
2020,July,Jharkhand,Female,4670000
2020,July,Jammu and Kashmir,Total,3983000
2020,July,Jammu and Kashmir,Male,2156000
2020,July,Jammu and Kashmir,Female,1826000
2020,July,Himachal Pradesh,Total,754000
2020,July,Himachal Pradesh,Male,407000
2020,July,Himachal Pradesh,Female,347000
2020,July,Haryana,Total,11839000
2020,July,Haryana,Male,6321000
2020,July,Haryana,Female,5518000
2020,July,Gujarat,Total,32791000
2020,July,Gujarat,Male,17442000
2020,July,Gujarat,Female,15349000
2020,July,Goa,Total,1132000
2020,July,Goa,Male,579000
2020,July,Goa,Female,553000
2020,July,Delhi,Total,20171000
2020,July,Delhi,Male,10798000
2020,July,Delhi,Female,9373000
2020,July,Daman and Diu,Total,420000
2020,July,Daman and Diu,Male,293000
2020,July,Daman and Diu,Female,127000
2020,July,Dadra and Nagar Haveli,Total,388000
2020,July,Dadra and Nagar Haveli,Male,231000
2020,July,Dadra and Nagar Haveli,Female,157000
2020,July,Chhattisgarh,Total,7680000
2020,July,Chhattisgarh,Male,3926000
2020,July,Chhattisgarh,Female,3754000
2020,July,Chandigarh,Total,1194000
2020,July,Chandigarh,Male,655000
2020,July,Chandigarh,Female,539000
2020,July,Bihar,Total,14708000
2020,July,Bihar,Male,7762000
2020,July,Bihar,Female,6947000
2020,July,Assam,Total,5301000
2020,July,Assam,Male,2724000
2020,July,Assam,Female,2577000
2020,July,Arunachal Pradesh,Total,381000
2020,July,Arunachal Pradesh,Male,202000
2020,July,Arunachal Pradesh,Female,180000
2020,July,Andhra Pradesh,Total,18343000
2020,July,Andhra Pradesh,Male,9232000
2020,July,Andhra Pradesh,Female,9112000
2020,July,Andaman and Nicobar Islands,Total,170000
2020,July,Andaman and Nicobar Islands,Male,91000
2020,July,Andaman and Nicobar Islands,Female,79000
2020,July,All India,Total,463049000
2020,July,All India,Male,239952000
2020,July,All India,Female,223097000
2019,October,West Bengal,Total,34401000
2019,October,West Bengal,Male,17696000
2019,October,West Bengal,Female,16705000
2019,October,Uttarakhand,Total,3847000
2019,October,Uttarakhand,Male,2042000
2019,October,Uttarakhand,Female,1805000
2019,October,Uttar Pradesh,Total,53356000
2019,October,Uttar Pradesh,Male,28171000
2019,October,Uttar Pradesh,Female,25185000
2019,October,Tripura,Total,1422000
2019,October,Tripura,Male,721000
2019,October,Tripura,Female,701000
2019,October,Telangana,Total,16844000
2019,October,Telangana,Male,8477000
2019,October,Telangana,Female,8367000
2019,October,Tamil Nadu,Total,39595000
2019,October,Tamil Nadu,Male,19797000
2019,October,Tamil Nadu,Female,19797000
2019,October,Sikkim,Total,280000
2019,October,Sikkim,Male,147000
2019,October,Sikkim,Female,134000
2019,October,Rajasthan,Total,20341000
2019,October,Rajasthan,Male,10628000
2019,October,Rajasthan,Female,9714000
2019,October,Punjab,Total,12176000
2019,October,Punjab,Male,6494000
2019,October,Punjab,Female,5682000
2019,October,Puducherry,Total,1062000
2019,October,Puducherry,Male,520000
2019,October,Puducherry,Female,542000
2019,October,Odisha,Total,8233000
2019,October,Odisha,Male,4261000
2019,October,Odisha,Female,3972000
2019,October,Nagaland,Total,884000
2019,October,Nagaland,Male,463000
2019,October,Nagaland,Female,421000
2019,October,Mizoram,Total,650000
2019,October,Mizoram,Male,325000
2019,October,Mizoram,Female,325000
2019,October,Meghalaya,Total,665000
2019,October,Meghalaya,Male,332000
2019,October,Meghalaya,Female,332000
2019,October,Manipur,Total,984000
2019,October,Manipur,Male,485000
2019,October,Manipur,Female,498000
2019,October,Maharashtra,Total,58460000
2019,October,Maharashtra,Male,30720000
2019,October,Maharashtra,Female,27740000
2019,October,Madhya Pradesh,Total,23722000
2019,October,Madhya Pradesh,Male,12368000
2019,October,Madhya Pradesh,Female,11354000
2019,October,Lakshadweep,Total,65000
2019,October,Lakshadweep,Male,33000
2019,October,Lakshadweep,Female,31000
2019,October,Ladakh,Total,84000
2019,October,Ladakh,Male,55000
2019,October,Ladakh,Female,29000
2019,October,Kerala,Total,23905000
2019,October,Kerala,Male,11432000
2019,October,Kerala,Female,12472000
2019,October,Karnataka,Total,28275000
2019,October,Karnataka,Male,14404000
2019,October,Karnataka,Female,13871000
2019,October,Jharkhand,Total,9649000
2019,October,Jharkhand,Male,5052000
2019,October,Jharkhand,Female,4597000
2019,October,Jammu and Kashmir,Total,3934000
2019,October,Jammu and Kashmir,Male,2130000
2019,October,Jammu and Kashmir,Female,1804000
2019,October,Himachal Pradesh,Total,750000
2019,October,Himachal Pradesh,Male,404000
2019,October,Himachal Pradesh,Female,345000
2019,October,Haryana,Total,11587000
2019,October,Haryana,Male,6186000
2019,October,Haryana,Female,5401000
2019,October,Gujarat,Total,32204000
2019,October,Gujarat,Male,17130000
2019,October,Gujarat,Female,15074000
2019,October,Goa,Total,1114000
2019,October,Goa,Male,570000
2019,October,Goa,Female,544000
2019,October,Delhi,Total,19869000
2019,October,Delhi,Male,10637000
2019,October,Delhi,Female,9233000
2019,October,Daman and Diu,Total,397000
2019,October,Daman and Diu,Male,275000
2019,October,Daman and Diu,Female,122000
2019,October,Dadra and Nagar Haveli,Total,366000
2019,October,Dadra and Nagar Haveli,Male,218000
2019,October,Dadra and Nagar Haveli,Female,148000
2019,October,Chhattisgarh,Total,7535000
2019,October,Chhattisgarh,Male,3852000
2019,October,Chhattisgarh,Female,3683000
2019,October,Chandigarh,Total,1182000
2019,October,Chandigarh,Male,649000
2019,October,Chandigarh,Female,533000
2019,October,Bihar,Total,14474000
2019,October,Bihar,Male,7638000
2019,October,Bihar,Female,6836000
2019,October,Assam,Total,5227000
2019,October,Assam,Male,2686000
2019,October,Assam,Female,2541000
2019,October,Arunachal Pradesh,Total,376000
2019,October,Arunachal Pradesh,Male,199000
2019,October,Arunachal Pradesh,Female,177000
2019,October,Andhra Pradesh,Total,18036000
2019,October,Andhra Pradesh,Male,9077000
2019,October,Andhra Pradesh,Female,8959000
2019,October,Andaman and Nicobar Islands,Total,168000
2019,October,Andaman and Nicobar Islands,Male,90000
2019,October,Andaman and Nicobar Islands,Female,78000
2019,October,All India,Total,456116000
2019,October,All India,Male,236364000
2019,October,All India,Female,219752000
2019,March,West Bengal,Total,34042000
2019,March,West Bengal,Male,17511000
2019,March,West Bengal,Female,16531000
2019,March,Uttarakhand,Total,3790000
2019,March,Uttarakhand,Male,2012000
2019,March,Uttarakhand,Female,1778000
2019,March,Uttar Pradesh,Total,52759000
2019,March,Uttar Pradesh,Male,27856000
2019,March,Uttar Pradesh,Female,24903000
2019,March,Tripura,Total,1388000
2019,March,Tripura,Male,703000
2019,March,Tripura,Female,685000
2019,March,Telangana,Total,16748000
2019,March,Telangana,Male,8429000
2019,March,Telangana,Female,8319000
2019,March,Tamil Nadu,Total,39292000
2019,March,Tamil Nadu,Male,19646000
2019,March,Tamil Nadu,Female,19646000
2019,March,Sikkim,Total,271000
2019,March,Sikkim,Male,142000
2019,March,Sikkim,Female,129000
2019,March,Rajasthan,Total,20123000
2019,March,Rajasthan,Male,10514000
2019,March,Rajasthan,Female,9609000
2019,March,Punjab,Total,12056000
2019,March,Punjab,Male,6430000
2019,March,Punjab,Female,5626000
2019,March,Puducherry,Total,1047000
2019,March,Puducherry,Male,513000
2019,March,Puducherry,Female,534000
2019,March,Odisha,Total,8149000
2019,March,Odisha,Male,4218000
2019,March,Odisha,Female,3931000
2019,March,Nagaland,Total,861000
2019,March,Nagaland,Male,451000
2019,March,Nagaland,Female,410000
2019,March,Mizoram,Total,645000
2019,March,Mizoram,Male,323000
2019,March,Mizoram,Female,322000
2019,March,Meghalaya,Total,660000
2019,March,Meghalaya,Male,330000
2019,March,Meghalaya,Female,330000
2019,March,Manipur,Total,973000
2019,March,Manipur,Male,480000
2019,March,Manipur,Female,493000
2019,March,Maharashtra,Total,57947000
2019,March,Maharashtra,Male,30450000
2019,March,Maharashtra,Female,27497000
2019,March,Madhya Pradesh,Total,23478000
2019,March,Madhya Pradesh,Male,12241000
2019,March,Madhya Pradesh,Female,11237000
2019,March,Lakshadweep,Total,64000
2019,March,Lakshadweep,Male,33000
2019,March,Lakshadweep,Female,31000
2019,March,Ladakh,Total,82000
2019,March,Ladakh,Male,54000
2019,March,Ladakh,Female,28000
2019,March,Kerala,Total,23369000
2019,March,Kerala,Male,11176000
2019,March,Kerala,Female,12193000
2019,March,Karnataka,Total,27960000
2019,March,Karnataka,Male,14244000
2019,March,Karnataka,Female,13716000
2019,March,Jharkhand,Total,9531000
2019,March,Jharkhand,Male,4990000
2019,March,Jharkhand,Female,4541000
2019,March,Jammu and Kashmir,Total,3897000
2019,March,Jammu and Kashmir,Male,2110000
2019,March,Jammu and Kashmir,Female,1787000
2019,March,Himachal Pradesh,Total,746000
2019,March,Himachal Pradesh,Male,403000
2019,March,Himachal Pradesh,Female,343000
2019,March,Haryana,Total,11392000
2019,March,Haryana,Male,6082000
2019,March,Haryana,Female,5310000
2019,March,Gujarat,Total,31750000
2019,March,Gujarat,Male,16888000
2019,March,Gujarat,Female,14862000
2019,March,Goa,Total,1100000
2019,March,Goa,Male,562000
2019,March,Goa,Female,538000
2019,March,Delhi,Total,19634000
2019,March,Delhi,Male,10511000
2019,March,Delhi,Female,9123000
2019,March,Daman and Diu,Total,379000
2019,March,Daman and Diu,Male,261000
2019,March,Daman and Diu,Female,118000
2019,March,Dadra and Nagar Haveli,Total,349000
2019,March,Dadra and Nagar Haveli,Male,207000
2019,March,Dadra and Nagar Haveli,Female,142000
2019,March,Chhattisgarh,Total,7422000
2019,March,Chhattisgarh,Male,3794000
2019,March,Chhattisgarh,Female,3628000
2019,March,Chandigarh,Total,1173000
2019,March,Chandigarh,Male,644000
2019,March,Chandigarh,Female,529000
2019,March,Bihar,Total,14293000
2019,March,Bihar,Male,7542000
2019,March,Bihar,Female,6751000
2019,March,Assam,Total,5169000
2019,March,Assam,Male,2656000
2019,March,Assam,Female,2513000
2019,March,Arunachal Pradesh,Total,372000
2019,March,Arunachal Pradesh,Male,197000
2019,March,Arunachal Pradesh,Female,175000
2019,March,Andhra Pradesh,Total,17799000
2019,March,Andhra Pradesh,Male,8958000
2019,March,Andhra Pradesh,Female,8841000
2019,March,Andaman and Nicobar Islands,Total,167000
2019,March,Andaman and Nicobar Islands,Male,89000
2019,March,Andaman and Nicobar Islands,Female,78000
2019,March,All India,Total,450877000
2019,March,All India,Male,233650000
2019,March,All India,Female,217227000
2019,July,West Bengal,Total,34247000
2019,July,West Bengal,Male,17617000
2019,July,West Bengal,Female,16630000
2019,July,Uttarakhand,Total,3822000
2019,July,Uttarakhand,Male,2029000
2019,July,Uttarakhand,Female,1793000
2019,July,Uttar Pradesh,Total,53100000
2019,July,Uttar Pradesh,Male,28036000
2019,July,Uttar Pradesh,Female,25064000
2019,July,Tripura,Total,1407000
2019,July,Tripura,Male,713000
2019,July,Tripura,Female,694000
2019,July,Telangana,Total,16748000
2019,July,Telangana,Male,8429000
2019,July,Telangana,Female,8319000
2019,July,Tamil Nadu,Total,39465000
2019,July,Tamil Nadu,Male,19733000
2019,July,Tamil Nadu,Female,19733000
2019,July,Sikkim,Total,276000
2019,July,Sikkim,Male,144000
2019,July,Sikkim,Female,132000
2019,July,Rajasthan,Total,20248000
2019,July,Rajasthan,Male,10579000
2019,July,Rajasthan,Female,9669000
2019,July,Punjab,Total,12125000
2019,July,Punjab,Male,6466000
2019,July,Punjab,Female,5658000
2019,July,Puducherry,Total,1056000
2019,July,Puducherry,Male,517000
2019,July,Puducherry,Female,539000
2019,July,Odisha,Total,8197000
2019,July,Odisha,Male,4243000
2019,July,Odisha,Female,3954000
2019,July,Nagaland,Total,874000
2019,July,Nagaland,Male,458000
2019,July,Nagaland,Female,416000
2019,July,Mizoram,Total,648000
2019,July,Mizoram,Male,324000
2019,July,Mizoram,Female,324000
2019,July,Meghalaya,Total,663000
2019,July,Meghalaya,Male,331000
2019,July,Meghalaya,Female,331000
2019,July,Manipur,Total,979000
2019,July,Manipur,Male,483000
2019,July,Manipur,Female,496000
2019,July,Maharashtra,Total,58240000
2019,July,Maharashtra,Male,30604000
2019,July,Maharashtra,Female,27636000
2019,July,Madhya Pradesh,Total,23618000
2019,July,Madhya Pradesh,Male,12314000
2019,July,Madhya Pradesh,Female,11304000
2019,July,Lakshadweep,Total,64000
2019,July,Lakshadweep,Male,33000
2019,July,Lakshadweep,Female,31000
2019,July,Ladakh,Total,83000
2019,July,Ladakh,Male,54000
2019,July,Ladakh,Female,29000
2019,July,Kerala,Total,23675000
2019,July,Kerala,Male,11322000
2019,July,Kerala,Female,12353000
2019,July,Karnataka,Total,28140000
2019,July,Karnataka,Male,14335000
2019,July,Karnataka,Female,13805000
2019,July,Jharkhand,Total,9599000
2019,July,Jharkhand,Male,5025000
2019,July,Jharkhand,Female,4573000
2019,July,Jammu and Kashmir,Total,3918000
2019,July,Jammu and Kashmir,Male,2121000
2019,July,Jammu and Kashmir,Female,1797000
2019,July,Himachal Pradesh,Total,748000
2019,July,Himachal Pradesh,Male,404000
2019,July,Himachal Pradesh,Female,344000
2019,July,Haryana,Total,11503000
2019,July,Haryana,Male,6142000
2019,July,Haryana,Female,5362000
2019,July,Gujarat,Total,32010000
2019,July,Gujarat,Male,17026000
2019,July,Gujarat,Female,14983000
2019,July,Goa,Total,1108000
2019,July,Goa,Male,566000
2019,July,Goa,Female,542000
2019,July,Delhi,Total,19768000
2019,July,Delhi,Male,10583000
2019,July,Delhi,Female,9186000
2019,July,Daman and Diu,Total,389000
2019,July,Daman and Diu,Male,269000
2019,July,Daman and Diu,Female,120000
2019,July,Dadra and Nagar Haveli,Total,359000
2019,July,Dadra and Nagar Haveli,Male,213000
2019,July,Dadra and Nagar Haveli,Female,145000
2019,July,Chhattisgarh,Total,7486000
2019,July,Chhattisgarh,Male,3827000
2019,July,Chhattisgarh,Female,3659000
2019,July,Chandigarh,Total,1178000
2019,July,Chandigarh,Male,647000
2019,July,Chandigarh,Female,532000
2019,July,Bihar,Total,14397000
2019,July,Bihar,Male,7597000
2019,July,Bihar,Female,6799000
2019,July,Assam,Total,5202000
2019,July,Assam,Male,2673000
2019,July,Assam,Female,2529000
2019,July,Arunachal Pradesh,Total,374000
2019,July,Arunachal Pradesh,Male,198000
2019,July,Arunachal Pradesh,Female,176000
2019,July,Andhra Pradesh,Total,17935000
2019,July,Andhra Pradesh,Male,9026000
2019,July,Andhra Pradesh,Female,8909000
2019,July,Andaman and Nicobar Islands,Total,168000
2019,July,Andaman and Nicobar Islands,Male,89000
2019,July,Andaman and Nicobar Islands,Female,78000
2019,July,All India,Total,453814000
2019,July,All India,Male,235170000
2019,July,All India,Female,218644000
2018,October,West Bengal,Total,33788000
2018,October,West Bengal,Male,17381000
2018,October,West Bengal,Female,16407000
2018,October,Uttarakhand,Total,3750000
2018,October,Uttarakhand,Male,1990000
2018,October,Uttarakhand,Female,1760000
2018,October,Uttar Pradesh,Total,52335000
2018,October,Uttar Pradesh,Male,27632000
2018,October,Uttar Pradesh,Female,24703000
2018,October,Tripura,Total,1364000
2018,October,Tripura,Male,691000
2018,October,Tripura,Female,673000
2018,October,Telangana,Total,16460000
2018,October,Telangana,Male,8284000
2018,October,Telangana,Female,8176000
2018,October,Tamil Nadu,Total,39077000
2018,October,Tamil Nadu,Male,19539000
2018,October,Tamil Nadu,Female,19539000
2018,October,Sikkim,Total,264000
2018,October,Sikkim,Male,138000
2018,October,Sikkim,Female,126000
2018,October,Rajasthan,Total,19968000
2018,October,Rajasthan,Male,10432000
2018,October,Rajasthan,Female,9535000
2018,October,Punjab,Total,11971000
2018,October,Punjab,Male,6385000
2018,October,Punjab,Female,5586000
2018,October,Puducherry,Total,1036000
2018,October,Puducherry,Male,507000
2018,October,Puducherry,Female,529000
2018,October,Odisha,Total,8089000
2018,October,Odisha,Male,4187000
2018,October,Odisha,Female,3902000
2018,October,Nagaland,Total,845000
2018,October,Nagaland,Male,443000
2018,October,Nagaland,Female,402000
2018,October,Mizoram,Total,641000
2018,October,Mizoram,Male,321000
2018,October,Mizoram,Female,320000
2018,October,Meghalaya,Total,657000
2018,October,Meghalaya,Male,328000
2018,October,Meghalaya,Female,328000
2018,October,Manipur,Total,966000
2018,October,Manipur,Male,477000
2018,October,Manipur,Female,489000
2018,October,Maharashtra,Total,57583000
2018,October,Maharashtra,Male,30259000
2018,October,Maharashtra,Female,27324000
2018,October,Madhya Pradesh,Total,23304000
2018,October,Madhya Pradesh,Male,12150000
2018,October,Madhya Pradesh,Female,11154000
2018,October,Lakshadweep,Total,64000
2018,October,Lakshadweep,Male,33000
2018,October,Lakshadweep,Female,31000
2018,October,Ladakh,Total,81000
2018,October,Ladakh,Male,53000
2018,October,Ladakh,Female,28000
2018,October,Kerala,Total,22985000
2018,October,Kerala,Male,10992000
2018,October,Kerala,Female,11993000
2018,October,Karnataka,Total,27738000
2018,October,Karnataka,Male,14130000
2018,October,Karnataka,Female,13607000
2018,October,Jharkhand,Total,9447000
2018,October,Jharkhand,Male,4946000
2018,October,Jharkhand,Female,4501000
2018,October,Jammu and Kashmir,Total,3870000
2018,October,Jammu and Kashmir,Male,2095000
2018,October,Jammu and Kashmir,Female,1775000
2018,October,Himachal Pradesh,Total,743000
2018,October,Himachal Pradesh,Male,401000
2018,October,Himachal Pradesh,Female,342000
2018,October,Haryana,Total,11255000
2018,October,Haryana,Male,6009000
2018,October,Haryana,Female,5246000
2018,October,Gujarat,Total,31428000
2018,October,Gujarat,Male,16717000
2018,October,Gujarat,Female,14711000
2018,October,Goa,Total,1090000
2018,October,Goa,Male,557000
2018,October,Goa,Female,533000
2018,October,Delhi,Total,19465000
2018,October,Delhi,Male,10420000
2018,October,Delhi,Female,9045000
2018,October,Daman and Diu,Total,366000
2018,October,Daman and Diu,Male,251000
2018,October,Daman and Diu,Female,115000
2018,October,Dadra and Nagar Haveli,Total,337000
2018,October,Dadra and Nagar Haveli,Male,200000
2018,October,Dadra and Nagar Haveli,Female,137000
2018,October,Chhattisgarh,Total,7343000
2018,October,Chhattisgarh,Male,3754000
2018,October,Chhattisgarh,Female,3589000
2018,October,Chandigarh,Total,1166000
2018,October,Chandigarh,Male,640000
2018,October,Chandigarh,Female,526000
2018,October,Bihar,Total,14165000
2018,October,Bihar,Male,7475000
2018,October,Bihar,Female,6690000
2018,October,Assam,Total,5129000
2018,October,Assam,Male,2635000
2018,October,Assam,Female,2493000
2018,October,Arunachal Pradesh,Total,369000
2018,October,Arunachal Pradesh,Male,195000
2018,October,Arunachal Pradesh,Female,174000
2018,October,Andhra Pradesh,Total,17632000
2018,October,Andhra Pradesh,Male,8873000
2018,October,Andhra Pradesh,Female,8758000
2018,October,Andaman and Nicobar Islands,Total,166000
2018,October,Andaman and Nicobar Islands,Male,88000
2018,October,Andaman and Nicobar Islands,Female,77000
2018,October,All India,Total,446932000
2018,October,All India,Male,231608000
2018,October,All India,Female,215324000
2018,March,West Bengal,Total,33432000
2018,March,West Bengal,Male,17198000
2018,March,West Bengal,Female,16234000
2018,March,Uttarakhand,Total,3694000
2018,March,Uttarakhand,Male,1961000
2018,March,Uttarakhand,Female,1733000
2018,March,Uttar Pradesh,Total,51742000
2018,March,Uttar Pradesh,Male,27319000
2018,March,Uttar Pradesh,Female,24423000
2018,March,Tripura,Total,1331000
2018,March,Tripura,Male,675000
2018,March,Tripura,Female,656000
2018,March,Telangana,Total,16365000
2018,March,Telangana,Male,8236000
2018,March,Telangana,Female,8129000
2018,March,Tamil Nadu,Total,38776000
2018,March,Tamil Nadu,Male,19388000
2018,March,Tamil Nadu,Female,19388000
2018,March,Sikkim,Total,255000
2018,March,Sikkim,Male,133000
2018,March,Sikkim,Female,122000
2018,March,Rajasthan,Total,19750000
2018,March,Rajasthan,Male,10319000
2018,March,Rajasthan,Female,9431000
2018,March,Punjab,Total,11852000
2018,March,Punjab,Male,6321000
2018,March,Punjab,Female,5531000
2018,March,Puducherry,Total,1021000
2018,March,Puducherry,Male,500000
2018,March,Puducherry,Female,521000
2018,March,Odisha,Total,8006000
2018,March,Odisha,Male,4144000
2018,March,Odisha,Female,3862000
2018,March,Nagaland,Total,823000
2018,March,Nagaland,Male,431000
2018,March,Nagaland,Female,392000
2018,March,Mizoram,Total,635000
2018,March,Mizoram,Male,318000
2018,March,Mizoram,Female,317000
2018,March,Meghalaya,Total,652000
2018,March,Meghalaya,Male,326000
2018,March,Meghalaya,Female,326000
2018,March,Manipur,Total,955000
2018,March,Manipur,Male,471000
2018,March,Manipur,Female,484000
2018,March,Maharashtra,Total,57073000
2018,March,Maharashtra,Male,29991000
2018,March,Maharashtra,Female,27082000
2018,March,Madhya Pradesh,Total,23061000
2018,March,Madhya Pradesh,Male,12023000
2018,March,Madhya Pradesh,Female,11038000
2018,March,Lakshadweep,Total,63000
2018,March,Lakshadweep,Male,32000
2018,March,Lakshadweep,Female,31000
2018,March,Ladakh,Total,80000
2018,March,Ladakh,Male,52000
2018,March,Ladakh,Female,28000
2018,March,Kerala,Total,22447000
2018,March,Kerala,Male,10735000
2018,March,Kerala,Female,11712000
2018,March,Karnataka,Total,27426000
2018,March,Karnataka,Male,13971000
2018,March,Karnataka,Female,13455000
2018,March,Jharkhand,Total,9330000
2018,March,Jharkhand,Male,4885000
2018,March,Jharkhand,Female,4445000
2018,March,Jammu and Kashmir,Total,3833000
2018,March,Jammu and Kashmir,Male,2075000
2018,March,Jammu and Kashmir,Female,1758000
2018,March,Himachal Pradesh,Total,739000
2018,March,Himachal Pradesh,Male,399000
2018,March,Himachal Pradesh,Female,340000
2018,March,Haryana,Total,11063000
2018,March,Haryana,Male,5907000
2018,March,Haryana,Female,5156000
2018,March,Gujarat,Total,30978000
2018,March,Gujarat,Male,16478000
2018,March,Gujarat,Female,14500000
2018,March,Goa,Total,1076000
2018,March,Goa,Male,550000
2018,March,Goa,Female,526000
2018,March,Delhi,Total,19229000
2018,March,Delhi,Male,10294000
2018,March,Delhi,Female,8935000
2018,March,Daman and Diu,Total,348000
2018,March,Daman and Diu,Male,236000
2018,March,Daman and Diu,Female,112000
2018,March,Dadra and Nagar Haveli,Total,320000
2018,March,Dadra and Nagar Haveli,Male,190000
2018,March,Dadra and Nagar Haveli,Female,130000
2018,March,Chhattisgarh,Total,7232000
2018,March,Chhattisgarh,Male,3697000
2018,March,Chhattisgarh,Female,3535000
2018,March,Chandigarh,Total,1156000
2018,March,Chandigarh,Male,634000
2018,March,Chandigarh,Female,522000
2018,March,Bihar,Total,13985000
2018,March,Bihar,Male,7380000
2018,March,Bihar,Female,6605000
2018,March,Assam,Total,5072000
2018,March,Assam,Male,2606000
2018,March,Assam,Female,2466000
2018,March,Arunachal Pradesh,Total,365000
2018,March,Arunachal Pradesh,Male,193000
2018,March,Arunachal Pradesh,Female,172000
2018,March,Andhra Pradesh,Total,17397000
2018,March,Andhra Pradesh,Male,8755000
2018,March,Andhra Pradesh,Female,8642000
2018,March,Andaman and Nicobar Islands,Total,164000
2018,March,Andaman and Nicobar Islands,Male,88000
2018,March,Andaman and Nicobar Islands,Female,76000
2018,March,All India,Total,441726000
2018,March,All India,Male,228911000
2018,March,All India,Female,212815000
2018,July,West Bengal,Total,33635000
2018,July,West Bengal,Male,17302000
2018,July,West Bengal,Female,16333000
2018,July,Uttarakhand,Total,3726000
2018,July,Uttarakhand,Male,1978000
2018,July,Uttarakhand,Female,1748000
2018,July,Uttar Pradesh,Total,52081000
2018,July,Uttar Pradesh,Male,27498000
2018,July,Uttar Pradesh,Female,24583000
2018,July,Tripura,Total,1350000
2018,July,Tripura,Male,684000
2018,July,Tripura,Female,666000
2018,July,Telangana,Total,16365000
2018,July,Telangana,Male,8236000
2018,July,Telangana,Female,8129000
2018,July,Tamil Nadu,Total,38948000
2018,July,Tamil Nadu,Male,19474000
2018,July,Tamil Nadu,Female,19474000
2018,July,Sikkim,Total,260000
2018,July,Sikkim,Male,136000
2018,July,Sikkim,Female,124000
2018,July,Rajasthan,Total,19874000
2018,July,Rajasthan,Male,10384000
2018,July,Rajasthan,Female,9491000
2018,July,Punjab,Total,11920000
2018,July,Punjab,Male,6357000
2018,July,Punjab,Female,5563000
2018,July,Puducherry,Total,1030000
2018,July,Puducherry,Male,504000
2018,July,Puducherry,Female,525000
2018,July,Odisha,Total,8054000
2018,July,Odisha,Male,4169000
2018,July,Odisha,Female,3885000
2018,July,Nagaland,Total,836000
2018,July,Nagaland,Male,438000
2018,July,Nagaland,Female,398000
2018,July,Mizoram,Total,638000
2018,July,Mizoram,Male,319000
2018,July,Mizoram,Female,319000
2018,July,Meghalaya,Total,655000
2018,July,Meghalaya,Male,327000
2018,July,Meghalaya,Female,327000
2018,July,Manipur,Total,961000
2018,July,Manipur,Male,474000
2018,July,Manipur,Female,487000
2018,July,Maharashtra,Total,57364000
2018,July,Maharashtra,Male,30144000
2018,July,Maharashtra,Female,27220000
2018,July,Madhya Pradesh,Total,23200000
2018,July,Madhya Pradesh,Male,12096000
2018,July,Madhya Pradesh,Female,11104000
2018,July,Lakshadweep,Total,63000
2018,July,Lakshadweep,Male,33000
2018,July,Lakshadweep,Female,31000
2018,July,Ladakh,Total,81000
2018,July,Ladakh,Male,53000
2018,July,Ladakh,Female,28000
2018,July,Kerala,Total,22754000
2018,July,Kerala,Male,10882000
2018,July,Kerala,Female,11872000
2018,July,Karnataka,Total,27604000
2018,July,Karnataka,Male,14062000
2018,July,Karnataka,Female,13542000
2018,July,Jharkhand,Total,9397000
2018,July,Jharkhand,Male,4920000
2018,July,Jharkhand,Female,4477000
2018,July,Jammu and Kashmir,Total,3854000
2018,July,Jammu and Kashmir,Male,2087000
2018,July,Jammu and Kashmir,Female,1768000
2018,July,Himachal Pradesh,Total,741000
2018,July,Himachal Pradesh,Male,400000
2018,July,Himachal Pradesh,Female,341000
2018,July,Haryana,Total,11173000
2018,July,Haryana,Male,5965000
2018,July,Haryana,Female,5208000
2018,July,Gujarat,Total,31235000
2018,July,Gujarat,Male,16615000
2018,July,Gujarat,Female,14621000
2018,July,Goa,Total,1084000
2018,July,Goa,Male,554000
2018,July,Goa,Female,530000
2018,July,Delhi,Total,19364000
2018,July,Delhi,Male,10366000
2018,July,Delhi,Female,8998000
2018,July,Daman and Diu,Total,358000
2018,July,Daman and Diu,Male,245000
2018,July,Daman and Diu,Female,114000
2018,July,Dadra and Nagar Haveli,Total,330000
2018,July,Dadra and Nagar Haveli,Male,196000
2018,July,Dadra and Nagar Haveli,Female,134000
2018,July,Chhattisgarh,Total,7295000
2018,July,Chhattisgarh,Male,3730000
2018,July,Chhattisgarh,Female,3566000
2018,July,Chandigarh,Total,1162000
2018,July,Chandigarh,Male,638000
2018,July,Chandigarh,Female,524000
2018,July,Bihar,Total,14088000
2018,July,Bihar,Male,7434000
2018,July,Bihar,Female,6654000
2018,July,Assam,Total,5104000
2018,July,Assam,Male,2623000
2018,July,Assam,Female,2481000
2018,July,Arunachal Pradesh,Total,367000
2018,July,Arunachal Pradesh,Male,194000
2018,July,Arunachal Pradesh,Female,173000
2018,July,Andhra Pradesh,Total,17531000
2018,July,Andhra Pradesh,Male,8823000
2018,July,Andhra Pradesh,Female,8708000
2018,July,Andaman and Nicobar Islands,Total,165000
2018,July,Andaman and Nicobar Islands,Male,88000
2018,July,Andaman and Nicobar Islands,Female,77000
2018,July,All India,Total,444651000
2018,July,All India,Male,230428000
2018,July,All India,Female,214223000
2017,October,West Bengal,Total,33181000
2017,October,West Bengal,Male,17068000
2017,October,West Bengal,Female,16112000
2017,October,Uttarakhand,Total,3655000
2017,October,Uttarakhand,Male,1940000
2017,October,Uttarakhand,Female,1715000
2017,October,Uttar Pradesh,Total,51321000
2017,October,Uttar Pradesh,Male,27096000
2017,October,Uttar Pradesh,Female,24224000
2017,October,Tripura,Total,1308000
2017,October,Tripura,Male,663000
2017,October,Tripura,Female,645000
2017,October,Telangana,Total,16081000
2017,October,Telangana,Male,8093000
2017,October,Telangana,Female,7988000
2017,October,Tamil Nadu,Total,38563000
2017,October,Tamil Nadu,Male,19282000
2017,October,Tamil Nadu,Female,19282000
2017,October,Sikkim,Total,248000
2017,October,Sikkim,Male,130000
2017,October,Sikkim,Female,119000
2017,October,Rajasthan,Total,19596000
2017,October,Rajasthan,Male,10238000
2017,October,Rajasthan,Female,9358000
2017,October,Punjab,Total,11768000
2017,October,Punjab,Male,6276000
2017,October,Punjab,Female,5492000
2017,October,Puducherry,Total,1010000
2017,October,Puducherry,Male,495000
2017,October,Puducherry,Female,515000
2017,October,Odisha,Total,7947000
2017,October,Odisha,Male,4113000
2017,October,Odisha,Female,3834000
2017,October,Nagaland,Total,807000
2017,October,Nagaland,Male,423000
2017,October,Nagaland,Female,384000
2017,October,Mizoram,Total,631000
2017,October,Mizoram,Male,316000
2017,October,Mizoram,Female,315000
2017,October,Meghalaya,Total,649000
2017,October,Meghalaya,Male,324000
2017,October,Meghalaya,Female,324000
2017,October,Manipur,Total,948000
2017,October,Manipur,Male,468000
2017,October,Manipur,Female,480000
2017,October,Maharashtra,Total,56711000
2017,October,Maharashtra,Male,29801000
2017,October,Maharashtra,Female,26910000
2017,October,Madhya Pradesh,Total,22889000
2017,October,Madhya Pradesh,Male,11934000
2017,October,Madhya Pradesh,Female,10955000
2017,October,Lakshadweep,Total,62000
2017,October,Lakshadweep,Male,32000
2017,October,Lakshadweep,Female,30000
2017,October,Ladakh,Total,79000
2017,October,Ladakh,Male,52000
2017,October,Ladakh,Female,27000
2017,October,Kerala,Total,22062000
2017,October,Kerala,Male,10551000
2017,October,Kerala,Female,11511000
2017,October,Karnataka,Total,27206000
2017,October,Karnataka,Male,13859000
2017,October,Karnataka,Female,13346000
2017,October,Jharkhand,Total,9247000
2017,October,Jharkhand,Male,4841000
2017,October,Jharkhand,Female,4406000
2017,October,Jammu and Kashmir,Total,3807000
2017,October,Jammu and Kashmir,Male,2061000
2017,October,Jammu and Kashmir,Female,1746000
2017,October,Himachal Pradesh,Total,737000
2017,October,Himachal Pradesh,Male,397000
2017,October,Himachal Pradesh,Female,339000
2017,October,Haryana,Total,10927000
2017,October,Haryana,Male,5834000
2017,October,Haryana,Female,5093000
2017,October,Gujarat,Total,30660000
2017,October,Gujarat,Male,16308000
2017,October,Gujarat,Female,14351000
2017,October,Goa,Total,1066000
2017,October,Goa,Male,545000
2017,October,Goa,Female,521000
2017,October,Delhi,Total,19060000
2017,October,Delhi,Male,10204000
2017,October,Delhi,Female,8857000
2017,October,Daman and Diu,Total,336000
2017,October,Daman and Diu,Male,227000
2017,October,Daman and Diu,Female,109000
2017,October,Dadra and Nagar Haveli,Total,308000
2017,October,Dadra and Nagar Haveli,Male,183000
2017,October,Dadra and Nagar Haveli,Female,125000
2017,October,Chhattisgarh,Total,7154000
2017,October,Chhattisgarh,Male,3657000
2017,October,Chhattisgarh,Female,3496000
2017,October,Chandigarh,Total,1149000
2017,October,Chandigarh,Male,631000
2017,October,Chandigarh,Female,519000
2017,October,Bihar,Total,13857000
2017,October,Bihar,Male,7312000
2017,October,Bihar,Female,6545000
2017,October,Assam,Total,5032000
2017,October,Assam,Male,2586000
2017,October,Assam,Female,2446000
2017,October,Arunachal Pradesh,Total,362000
2017,October,Arunachal Pradesh,Male,192000
2017,October,Arunachal Pradesh,Female,171000
2017,October,Andhra Pradesh,Total,17232000
2017,October,Andhra Pradesh,Male,8672000
2017,October,Andhra Pradesh,Female,8560000
2017,October,Andaman and Nicobar Islands,Total,163000
2017,October,Andaman and Nicobar Islands,Male,87000
2017,October,Andaman and Nicobar Islands,Female,76000
2017,October,All India,Total,437817000
2017,October,All India,Male,226891000
2017,October,All India,Female,210926000
2017,March,West Bengal,Total,32829000
2017,March,West Bengal,Male,16887000
2017,March,West Bengal,Female,15942000
2017,March,Uttarakhand,Total,3600000
2017,March,Uttarakhand,Male,1911000
2017,March,Uttarakhand,Female,1689000
2017,March,Uttar Pradesh,Total,50731000
2017,March,Uttar Pradesh,Male,26785000
2017,March,Uttar Pradesh,Female,23946000
2017,March,Tripura,Total,1275000
2017,March,Tripura,Male,646000
2017,March,Tripura,Female,629000
2017,March,Telangana,Total,15987000
2017,March,Telangana,Male,8046000
2017,March,Telangana,Female,7941000
2017,March,Tamil Nadu,Total,38265000
2017,March,Tamil Nadu,Male,19133000
2017,March,Tamil Nadu,Female,19133000
2017,March,Sikkim,Total,239000
2017,March,Sikkim,Male,125000
2017,March,Sikkim,Female,114000
2017,March,Rajasthan,Total,19380000
2017,March,Rajasthan,Male,10125000
2017,March,Rajasthan,Female,9255000
2017,March,Punjab,Total,11650000
2017,March,Punjab,Male,6213000
2017,March,Punjab,Female,5437000
2017,March,Puducherry,Total,995000
2017,March,Puducherry,Male,487000
2017,March,Puducherry,Female,508000
2017,March,Odisha,Total,7865000
2017,March,Odisha,Male,4071000
2017,March,Odisha,Female,3794000
2017,March,Nagaland,Total,784000
2017,March,Nagaland,Male,411000
2017,March,Nagaland,Female,373000
2017,March,Mizoram,Total,626000
2017,March,Mizoram,Male,313000
2017,March,Mizoram,Female,313000
2017,March,Meghalaya,Total,644000
2017,March,Meghalaya,Male,322000
2017,March,Meghalaya,Female,322000
2017,March,Manipur,Total,938000
2017,March,Manipur,Male,463000
2017,March,Manipur,Female,475000
2017,March,Maharashtra,Total,56205000
2017,March,Maharashtra,Male,29535000
2017,March,Maharashtra,Female,26670000
2017,March,Madhya Pradesh,Total,22647000
2017,March,Madhya Pradesh,Male,11808000
2017,March,Madhya Pradesh,Female,10839000
2017,March,Lakshadweep,Total,61000
2017,March,Lakshadweep,Male,31000
2017,March,Lakshadweep,Female,30000
2017,March,Ladakh,Total,77000
2017,March,Ladakh,Male,50000
2017,March,Ladakh,Female,27000
2017,March,Kerala,Total,21524000
2017,March,Kerala,Male,10294000
2017,March,Kerala,Female,11230000
2017,March,Karnataka,Total,26897000
2017,March,Karnataka,Male,13702000
2017,March,Karnataka,Female,13195000
2017,March,Jharkhand,Total,9131000
2017,March,Jharkhand,Male,4781000
2017,March,Jharkhand,Female,4350000
2017,March,Jammu and Kashmir,Total,3770000
2017,March,Jammu and Kashmir,Male,2041000
2017,March,Jammu and Kashmir,Female,1729000
2017,March,Himachal Pradesh,Total,733000
2017,March,Himachal Pradesh,Male,396000
2017,March,Himachal Pradesh,Female,337000
2017,March,Haryana,Total,10737000
2017,March,Haryana,Male,5733000
2017,March,Haryana,Female,5004000
2017,March,Gujarat,Total,30214000
2017,March,Gujarat,Male,16071000
2017,March,Gujarat,Female,14143000
2017,March,Goa,Total,1052000
2017,March,Goa,Male,538000
2017,March,Goa,Female,514000
2017,March,Delhi,Total,18824000
2017,March,Delhi,Male,10077000
2017,March,Delhi,Female,8747000
2017,March,Daman and Diu,Total,318000
2017,March,Daman and Diu,Male,213000
2017,March,Daman and Diu,Female,105000
2017,March,Dadra and Nagar Haveli,Total,292000
2017,March,Dadra and Nagar Haveli,Male,174000
2017,March,Dadra and Nagar Haveli,Female,118000
2017,March,Chhattisgarh,Total,7044000
2017,March,Chhattisgarh,Male,3601000
2017,March,Chhattisgarh,Female,3443000
2017,March,Chandigarh,Total,1140000
2017,March,Chandigarh,Male,626000
2017,March,Chandigarh,Female,514000
2017,March,Bihar,Total,13678000
2017,March,Bihar,Male,7218000
2017,March,Bihar,Female,6460000
2017,March,Assam,Total,4975000
2017,March,Assam,Male,2557000
2017,March,Assam,Female,2418000
2017,March,Arunachal Pradesh,Total,358000
2017,March,Arunachal Pradesh,Male,189000
2017,March,Arunachal Pradesh,Female,169000
2017,March,Andhra Pradesh,Total,17001000
2017,March,Andhra Pradesh,Male,8556000
2017,March,Andhra Pradesh,Female,8445000
2017,March,Andaman and Nicobar Islands,Total,161000
2017,March,Andaman and Nicobar Islands,Male,86000
2017,March,Andaman and Nicobar Islands,Female,75000
2017,March,All India,Total,432648000
2017,March,All India,Male,224215000
2017,March,All India,Female,208433000
2017,July,West Bengal,Total,33030000
2017,July,West Bengal,Male,16991000
2017,July,West Bengal,Female,16039000
2017,July,Uttarakhand,Total,3631000
2017,July,Uttarakhand,Male,1927000
2017,July,Uttarakhand,Female,1704000
2017,July,Uttar Pradesh,Total,51068000
2017,July,Uttar Pradesh,Male,26963000
2017,July,Uttar Pradesh,Female,24105000
2017,July,Tripura,Total,1294000
2017,July,Tripura,Male,656000
2017,July,Tripura,Female,638000
2017,July,Telangana,Total,15987000
2017,July,Telangana,Male,8046000
2017,July,Telangana,Female,7941000
2017,July,Tamil Nadu,Total,38435000
2017,July,Tamil Nadu,Male,19218000
2017,July,Tamil Nadu,Female,19218000
2017,July,Sikkim,Total,244000
2017,July,Sikkim,Male,128000
2017,July,Sikkim,Female,117000
2017,July,Rajasthan,Total,19503000
2017,July,Rajasthan,Male,10190000
2017,July,Rajasthan,Female,9314000
2017,July,Punjab,Total,11717000
2017,July,Punjab,Male,6249000
2017,July,Punjab,Female,5468000
2017,July,Puducherry,Total,1004000
2017,July,Puducherry,Male,492000
2017,July,Puducherry,Female,512000
2017,July,Odisha,Total,7912000
2017,July,Odisha,Male,4095000
2017,July,Odisha,Female,3817000
2017,July,Nagaland,Total,797000
2017,July,Nagaland,Male,418000
2017,July,Nagaland,Female,379000
2017,July,Mizoram,Total,629000
2017,July,Mizoram,Male,315000
2017,July,Mizoram,Female,314000
2017,July,Meghalaya,Total,647000
2017,July,Meghalaya,Male,323000
2017,July,Meghalaya,Female,323000
2017,July,Manipur,Total,944000
2017,July,Manipur,Male,466000
2017,July,Manipur,Female,478000
2017,July,Maharashtra,Total,56494000
2017,July,Maharashtra,Male,29687000
2017,July,Maharashtra,Female,26807000
2017,July,Madhya Pradesh,Total,22785000
2017,July,Madhya Pradesh,Male,11880000
2017,July,Madhya Pradesh,Female,10905000
2017,July,Lakshadweep,Total,62000
2017,July,Lakshadweep,Male,32000
2017,July,Lakshadweep,Female,30000
2017,July,Ladakh,Total,78000
2017,July,Ladakh,Male,51000
2017,July,Ladakh,Female,27000
2017,July,Kerala,Total,21832000
2017,July,Kerala,Male,10441000
2017,July,Kerala,Female,11391000
2017,July,Karnataka,Total,27073000
2017,July,Karnataka,Male,13792000
2017,July,Karnataka,Female,13282000
2017,July,Jharkhand,Total,9197000
2017,July,Jharkhand,Male,4815000
2017,July,Jharkhand,Female,4382000
2017,July,Jammu and Kashmir,Total,3791000
2017,July,Jammu and Kashmir,Male,2053000
2017,July,Jammu and Kashmir,Female,1738000
2017,July,Himachal Pradesh,Total,735000
2017,July,Himachal Pradesh,Male,397000
2017,July,Himachal Pradesh,Female,338000
2017,July,Haryana,Total,10846000
2017,July,Haryana,Male,5791000
2017,July,Haryana,Female,5055000
2017,July,Gujarat,Total,30469000
2017,July,Gujarat,Male,16207000
2017,July,Gujarat,Female,14262000
2017,July,Goa,Total,1060000
2017,July,Goa,Male,542000
2017,July,Goa,Female,518000
2017,July,Delhi,Total,18959000
2017,July,Delhi,Male,10149000
2017,July,Delhi,Female,8810000
2017,July,Daman and Diu,Total,328000
2017,July,Daman and Diu,Male,221000
2017,July,Daman and Diu,Female,107000
2017,July,Dadra and Nagar Haveli,Total,301000
2017,July,Dadra and Nagar Haveli,Male,179000
2017,July,Dadra and Nagar Haveli,Female,122000
2017,July,Chhattisgarh,Total,7107000
2017,July,Chhattisgarh,Male,3633000
2017,July,Chhattisgarh,Female,3473000
2017,July,Chandigarh,Total,1145000
2017,July,Chandigarh,Male,629000
2017,July,Chandigarh,Female,517000
2017,July,Bihar,Total,13780000
2017,July,Bihar,Male,7272000
2017,July,Bihar,Female,6508000
2017,July,Assam,Total,5007000
2017,July,Assam,Male,2573000
2017,July,Assam,Female,2434000
2017,July,Arunachal Pradesh,Total,360000
2017,July,Arunachal Pradesh,Male,191000
2017,July,Arunachal Pradesh,Female,170000
2017,July,Andhra Pradesh,Total,17133000
2017,July,Andhra Pradesh,Male,8623000
2017,July,Andhra Pradesh,Female,8510000
2017,July,Andaman and Nicobar Islands,Total,162000
2017,July,Andaman and Nicobar Islands,Male,86000
2017,July,Andaman and Nicobar Islands,Female,76000
2017,July,All India,Total,435550000
2017,July,All India,Male,225721000
2017,July,All India,Female,209829000
2016,October,West Bengal,Total,32580000
2016,October,West Bengal,Male,16759000
2016,October,West Bengal,Female,15821000
2016,October,Uttarakhand,Total,3561000
2016,October,Uttarakhand,Male,1890000
2016,October,Uttarakhand,Female,1671000
2016,October,Uttar Pradesh,Total,50314000
2016,October,Uttar Pradesh,Male,26565000
2016,October,Uttar Pradesh,Female,23749000
2016,October,Tripura,Total,1252000
2016,October,Tripura,Male,635000
2016,October,Tripura,Female,617000
2016,October,Telangana,Total,15706000
2016,October,Telangana,Male,7904000
2016,October,Telangana,Female,7801000
2016,October,Tamil Nadu,Total,38053000
2016,October,Tamil Nadu,Male,19026000
2016,October,Tamil Nadu,Female,19026000
2016,October,Sikkim,Total,233000
2016,October,Sikkim,Male,122000
2016,October,Sikkim,Female,111000
2016,October,Rajasthan,Total,19227000
2016,October,Rajasthan,Male,10045000
2016,October,Rajasthan,Female,9182000
2016,October,Punjab,Total,11567000
2016,October,Punjab,Male,6169000
2016,October,Punjab,Female,5398000
2016,October,Puducherry,Total,985000
2016,October,Puducherry,Male,482000
2016,October,Puducherry,Female,502000
2016,October,Odisha,Total,7807000
2016,October,Odisha,Male,4041000
2016,October,Odisha,Female,3766000
2016,October,Nagaland,Total,769000
2016,October,Nagaland,Male,403000
2016,October,Nagaland,Female,366000
2016,October,Mizoram,Total,622000
2016,October,Mizoram,Male,311000
2016,October,Mizoram,Female,311000
2016,October,Meghalaya,Total,641000
2016,October,Meghalaya,Male,320000
2016,October,Meghalaya,Female,320000
2016,October,Manipur,Total,931000
2016,October,Manipur,Male,459000
2016,October,Manipur,Female,471000
2016,October,Maharashtra,Total,55845000
2016,October,Maharashtra,Male,29346000
2016,October,Maharashtra,Female,26499000
2016,October,Madhya Pradesh,Total,22475000
2016,October,Madhya Pradesh,Male,11718000
2016,October,Madhya Pradesh,Female,10757000
2016,October,Lakshadweep,Total,61000
2016,October,Lakshadweep,Male,31000
2016,October,Lakshadweep,Female,29000
2016,October,Ladakh,Total,76000
2016,October,Ladakh,Male,50000
2016,October,Ladakh,Female,26000
2016,October,Kerala,Total,21140000
2016,October,Kerala,Male,10110000
2016,October,Kerala,Female,11030000
2016,October,Karnataka,Total,26679000
2016,October,Karnataka,Male,13591000
2016,October,Karnataka,Female,13088000
2016,October,Jharkhand,Total,9049000
2016,October,Jharkhand,Male,4737000
2016,October,Jharkhand,Female,4311000
2016,October,Jammu and Kashmir,Total,3744000
2016,October,Jammu and Kashmir,Male,2027000
2016,October,Jammu and Kashmir,Female,1717000
2016,October,Himachal Pradesh,Total,730000
2016,October,Himachal Pradesh,Male,394000
2016,October,Himachal Pradesh,Female,336000
2016,October,Haryana,Total,10603000
2016,October,Haryana,Male,5661000
2016,October,Haryana,Female,4942000
2016,October,Gujarat,Total,29899000
2016,October,Gujarat,Male,15904000
2016,October,Gujarat,Female,13995000
2016,October,Goa,Total,1042000
2016,October,Goa,Male,533000
2016,October,Goa,Female,509000
2016,October,Delhi,Total,18654000
2016,October,Delhi,Male,9986000
2016,October,Delhi,Female,8668000
2016,October,Daman and Diu,Total,305000
2016,October,Daman and Diu,Male,203000
2016,October,Daman and Diu,Female,102000
2016,October,Dadra and Nagar Haveli,Total,280000
2016,October,Dadra and Nagar Haveli,Male,167000
2016,October,Dadra and Nagar Haveli,Female,114000
2016,October,Chhattisgarh,Total,6967000
2016,October,Chhattisgarh,Male,3562000
2016,October,Chhattisgarh,Female,3405000
2016,October,Chandigarh,Total,1133000
2016,October,Chandigarh,Male,622000
2016,October,Chandigarh,Female,511000
2016,October,Bihar,Total,13552000
2016,October,Bihar,Male,7151000
2016,October,Bihar,Female,6400000
2016,October,Assam,Total,4935000
2016,October,Assam,Male,2536000
2016,October,Assam,Female,2399000
2016,October,Arunachal Pradesh,Total,355000
2016,October,Arunachal Pradesh,Male,188000
2016,October,Arunachal Pradesh,Female,167000
2016,October,Andhra Pradesh,Total,16838000
2016,October,Andhra Pradesh,Male,8474000
2016,October,Andhra Pradesh,Female,8364000
2016,October,Andaman and Nicobar Islands,Total,160000
2016,October,Andaman and Nicobar Islands,Male,85000
2016,October,Andaman and Nicobar Islands,Female,75000
2016,October,All India,Total,428763000
2016,October,All India,Male,222207000
2016,October,All India,Female,206556000
2016,March,West Bengal,Total,32232000
2016,March,West Bengal,Male,16580000
2016,March,West Bengal,Female,15652000
2016,March,Uttarakhand,Total,3506000
2016,March,Uttarakhand,Male,1861000
2016,March,Uttarakhand,Female,1645000
2016,March,Uttar Pradesh,Total,49729000
2016,March,Uttar Pradesh,Male,26256000
2016,March,Uttar Pradesh,Female,23473000
2016,March,Tripura,Total,1220000
2016,March,Tripura,Male,618000
2016,March,Tripura,Female,602000
2016,March,Telangana,Total,15612000
2016,March,Telangana,Male,7857000
2016,March,Telangana,Female,7755000
2016,March,Tamil Nadu,Total,37756000
2016,March,Tamil Nadu,Male,18878000
2016,March,Tamil Nadu,Female,18878000
2016,March,Sikkim,Total,224000
2016,March,Sikkim,Male,117000
2016,March,Sikkim,Female,107000
2016,March,Rajasthan,Total,19013000
2016,March,Rajasthan,Male,9934000
2016,March,Rajasthan,Female,9079000
2016,March,Punjab,Total,11450000
2016,March,Punjab,Male,6107000
2016,March,Punjab,Female,5343000
2016,March,Puducherry,Total,970000
2016,March,Puducherry,Male,475000
2016,March,Puducherry,Female,495000
2016,March,Odisha,Total,7725000
2016,March,Odisha,Male,3998000
2016,March,Odisha,Female,3727000
2016,March,Nagaland,Total,747000
2016,March,Nagaland,Male,392000
2016,March,Nagaland,Female,355000
2016,March,Mizoram,Total,617000
2016,March,Mizoram,Male,309000
2016,March,Mizoram,Female,308000
2016,March,Meghalaya,Total,636000
2016,March,Meghalaya,Male,318000
2016,March,Meghalaya,Female,318000
2016,March,Manipur,Total,920000
2016,March,Manipur,Male,454000
2016,March,Manipur,Female,466000
2016,March,Maharashtra,Total,55342000
2016,March,Maharashtra,Male,29081000
2016,March,Maharashtra,Female,26261000
2016,March,Madhya Pradesh,Total,22234000
2016,March,Madhya Pradesh,Male,11592000
2016,March,Madhya Pradesh,Female,10642000
2016,March,Lakshadweep,Total,60000
2016,March,Lakshadweep,Male,31000
2016,March,Lakshadweep,Female,29000
2016,March,Ladakh,Total,75000
2016,March,Ladakh,Male,49000
2016,March,Ladakh,Female,26000
2016,March,Kerala,Total,20602000
2016,March,Kerala,Male,9853000
2016,March,Kerala,Female,10749000
2016,March,Karnataka,Total,26373000
2016,March,Karnataka,Male,13435000
2016,March,Karnataka,Female,12938000
2016,March,Jharkhand,Total,8933000
2016,March,Jharkhand,Male,4677000
2016,March,Jharkhand,Female,4256000
2016,March,Jammu and Kashmir,Total,3708000
2016,March,Jammu and Kashmir,Male,2008000
2016,March,Jammu and Kashmir,Female,1700000
2016,March,Himachal Pradesh,Total,726000
2016,March,Himachal Pradesh,Male,392000
2016,March,Himachal Pradesh,Female,334000
2016,March,Haryana,Total,10415000
2016,March,Haryana,Male,5561000
2016,March,Haryana,Female,4854000
2016,March,Gujarat,Total,29457000
2016,March,Gujarat,Male,15669000
2016,March,Gujarat,Female,13788000
2016,March,Goa,Total,1029000
2016,March,Goa,Male,526000
2016,March,Goa,Female,503000
2016,March,Delhi,Total,18417000
2016,March,Delhi,Male,9859000
2016,March,Delhi,Female,8558000
2016,March,Daman and Diu,Total,287000
2016,March,Daman and Diu,Male,189000
2016,March,Daman and Diu,Female,98000
2016,March,Dadra and Nagar Haveli,Total,264000
2016,March,Dadra and Nagar Haveli,Male,157000
2016,March,Dadra and Nagar Haveli,Female,107000
2016,March,Chhattisgarh,Total,6858000
2016,March,Chhattisgarh,Male,3506000
2016,March,Chhattisgarh,Female,3352000
2016,March,Chandigarh,Total,1123000
2016,March,Chandigarh,Male,616000
2016,March,Chandigarh,Female,507000
2016,March,Bihar,Total,13375000
2016,March,Bihar,Male,7058000
2016,March,Bihar,Female,6317000
2016,March,Assam,Total,4879000
2016,March,Assam,Male,2507000
2016,March,Assam,Female,2372000
2016,March,Arunachal Pradesh,Total,351000
2016,March,Arunachal Pradesh,Male,186000
2016,March,Arunachal Pradesh,Female,165000
2016,March,Andhra Pradesh,Total,16609000
2016,March,Andhra Pradesh,Male,8359000
2016,March,Andhra Pradesh,Female,8250000
2016,March,Andaman and Nicobar Islands,Total,158000
2016,March,Andaman and Nicobar Islands,Male,84000
2016,March,Andaman and Nicobar Islands,Female,74000
2016,March,All India,Total,423632000
2016,March,All India,Male,219549000
2016,March,All India,Female,204083000
2016,July,West Bengal,Total,32431000
2016,July,West Bengal,Male,16683000
2016,July,West Bengal,Female,15748000
2016,July,Uttarakhand,Total,3537000
2016,July,Uttarakhand,Male,1878000
2016,July,Uttarakhand,Female,1660000
2016,July,Uttar Pradesh,Total,50063000
2016,July,Uttar Pradesh,Male,26432000
2016,July,Uttar Pradesh,Female,23631000
2016,July,Tripura,Total,1238000
2016,July,Tripura,Male,628000
2016,July,Tripura,Female,611000
2016,July,Telangana,Total,15612000
2016,July,Telangana,Male,7857000
2016,July,Telangana,Female,7755000
2016,July,Tamil Nadu,Total,37926000
2016,July,Tamil Nadu,Male,18963000
2016,July,Tamil Nadu,Female,18963000
2016,July,Sikkim,Total,229000
2016,July,Sikkim,Male,120000
2016,July,Sikkim,Female,109000
2016,July,Rajasthan,Total,19135000
2016,July,Rajasthan,Male,9998000
2016,July,Rajasthan,Female,9138000
2016,July,Punjab,Total,11517000
2016,July,Punjab,Male,6142000
2016,July,Punjab,Female,5374000
2016,July,Puducherry,Total,978000
2016,July,Puducherry,Male,479000
2016,July,Puducherry,Female,499000
2016,July,Odisha,Total,7772000
2016,July,Odisha,Male,4023000
2016,July,Odisha,Female,3749000
2016,July,Nagaland,Total,759000
2016,July,Nagaland,Male,398000
2016,July,Nagaland,Female,361000
2016,July,Mizoram,Total,620000
2016,July,Mizoram,Male,310000
2016,July,Mizoram,Female,310000
2016,July,Meghalaya,Total,639000
2016,July,Meghalaya,Male,319000
2016,July,Meghalaya,Female,319000
2016,July,Manipur,Total,926000
2016,July,Manipur,Male,457000
2016,July,Manipur,Female,469000
2016,July,Maharashtra,Total,55630000
2016,July,Maharashtra,Male,29233000
2016,July,Maharashtra,Female,26397000
2016,July,Madhya Pradesh,Total,22372000
2016,July,Madhya Pradesh,Male,11664000
2016,July,Madhya Pradesh,Female,10708000
2016,July,Lakshadweep,Total,60000
2016,July,Lakshadweep,Male,31000
2016,July,Lakshadweep,Female,29000
2016,July,Ladakh,Total,76000
2016,July,Ladakh,Male,50000
2016,July,Ladakh,Female,26000
2016,July,Kerala,Total,20909000
2016,July,Kerala,Male,10000000
2016,July,Kerala,Female,10910000
2016,July,Karnataka,Total,26548000
2016,July,Karnataka,Male,13524000
2016,July,Karnataka,Female,13024000
2016,July,Jharkhand,Total,8999000
2016,July,Jharkhand,Male,4712000
2016,July,Jharkhand,Female,4287000
2016,July,Jammu and Kashmir,Total,3729000
2016,July,Jammu and Kashmir,Male,2019000
2016,July,Jammu and Kashmir,Female,1710000
2016,July,Himachal Pradesh,Total,728000
2016,July,Himachal Pradesh,Male,393000
2016,July,Himachal Pradesh,Female,335000
2016,July,Haryana,Total,10522000
2016,July,Haryana,Male,5618000
2016,July,Haryana,Female,4904000
2016,July,Gujarat,Total,29709000
2016,July,Gujarat,Male,15803000
2016,July,Gujarat,Female,13906000
2016,July,Goa,Total,1037000
2016,July,Goa,Male,530000
2016,July,Goa,Female,507000
2016,July,Delhi,Total,18553000
2016,July,Delhi,Male,9932000
2016,July,Delhi,Female,8621000
2016,July,Daman and Diu,Total,297000
2016,July,Daman and Diu,Male,197000
2016,July,Daman and Diu,Female,101000
2016,July,Dadra and Nagar Haveli,Total,273000
2016,July,Dadra and Nagar Haveli,Male,163000
2016,July,Dadra and Nagar Haveli,Female,111000
2016,July,Chhattisgarh,Total,6920000
2016,July,Chhattisgarh,Male,3538000
2016,July,Chhattisgarh,Female,3382000
2016,July,Chandigarh,Total,1129000
2016,July,Chandigarh,Male,619000
2016,July,Chandigarh,Female,509000
2016,July,Bihar,Total,13476000
2016,July,Bihar,Male,7111000
2016,July,Bihar,Female,6365000
2016,July,Assam,Total,4911000
2016,July,Assam,Male,2524000
2016,July,Assam,Female,2387000
2016,July,Arunachal Pradesh,Total,353000
2016,July,Arunachal Pradesh,Male,187000
2016,July,Arunachal Pradesh,Female,166000
2016,July,Andhra Pradesh,Total,16740000
2016,July,Andhra Pradesh,Male,8425000
2016,July,Andhra Pradesh,Female,8315000
2016,July,Andaman and Nicobar Islands,Total,159000
2016,July,Andaman and Nicobar Islands,Male,85000
2016,July,Andaman and Nicobar Islands,Female,74000
2016,July,All India,Total,426515000
2016,July,All India,Male,221045000
2016,July,All India,Female,205470000
2015,October,West Bengal,Total,31965000
2015,October,West Bengal,Male,16443000
2015,October,West Bengal,Female,15522000
2015,October,Uttarakhand,Total,3467000
2015,October,Uttarakhand,Male,1840000
2015,October,Uttarakhand,Female,1627000
2015,October,Uttar Pradesh,Total,49287000
2015,October,Uttar Pradesh,Male,26022000
2015,October,Uttar Pradesh,Female,23264000
2015,October,Tripura,Total,1198000
2015,October,Tripura,Male,607000
2015,October,Tripura,Female,591000
2015,October,Telangana,Total,15328000
2015,October,Telangana,Male,7714000
2015,October,Telangana,Female,7614000
2015,October,Tamil Nadu,Total,37516000
2015,October,Tamil Nadu,Male,18758000
2015,October,Tamil Nadu,Female,18758000
2015,October,Sikkim,Total,218000
2015,October,Sikkim,Male,114000
2015,October,Sikkim,Female,104000
2015,October,Rajasthan,Total,18847000
2015,October,Rajasthan,Male,9847000
2015,October,Rajasthan,Female,9000000
2015,October,Punjab,Total,11361000
2015,October,Punjab,Male,6059000
2015,October,Punjab,Female,5302000
2015,October,Puducherry,Total,960000
2015,October,Puducherry,Male,470000
2015,October,Puducherry,Female,490000
2015,October,Odisha,Total,7664000
2015,October,Odisha,Male,3967000
2015,October,Odisha,Female,3697000
2015,October,Nagaland,Total,732000
2015,October,Nagaland,Male,383000
2015,October,Nagaland,Female,348000
2015,October,Mizoram,Total,613000
2015,October,Mizoram,Male,307000
2015,October,Mizoram,Female,306000
2015,October,Meghalaya,Total,632000
2015,October,Meghalaya,Male,316000
2015,October,Meghalaya,Female,316000
2015,October,Manipur,Total,913000
2015,October,Manipur,Male,451000
2015,October,Manipur,Female,462000
2015,October,Maharashtra,Total,54960000
2015,October,Maharashtra,Male,28881000
2015,October,Maharashtra,Female,26079000
2015,October,Madhya Pradesh,Total,22052000
2015,October,Madhya Pradesh,Male,11497000
2015,October,Madhya Pradesh,Female,10555000
2015,October,Lakshadweep,Total,59000
2015,October,Lakshadweep,Male,30000
2015,October,Lakshadweep,Female,29000
2015,October,Ladakh,Total,74000
2015,October,Ladakh,Male,48000
2015,October,Ladakh,Female,25000
2015,October,Kerala,Total,20207000
2015,October,Kerala,Male,9664000
2015,October,Kerala,Female,10543000
2015,October,Karnataka,Total,26140000
2015,October,Karnataka,Male,13316000
2015,October,Karnataka,Female,12823000
2015,October,Jharkhand,Total,8848000
2015,October,Jharkhand,Male,4633000
2015,October,Jharkhand,Female,4216000
2015,October,Jammu and Kashmir,Total,3679000
2015,October,Jammu and Kashmir,Male,1992000
2015,October,Jammu and Kashmir,Female,1687000
2015,October,Himachal Pradesh,Total,723000
2015,October,Himachal Pradesh,Male,390000
2015,October,Himachal Pradesh,Female,333000
2015,October,Haryana,Total,10280000
2015,October,Haryana,Male,5489000
2015,October,Haryana,Female,4792000
2015,October,Gujarat,Total,29141000
2015,October,Gujarat,Male,15501000
2015,October,Gujarat,Female,13641000
2015,October,Goa,Total,1019000
2015,October,Goa,Male,521000
2015,October,Goa,Female,498000
2015,October,Delhi,Total,18247000
2015,October,Delhi,Male,9768000
2015,October,Delhi,Female,8479000
2015,October,Daman and Diu,Total,278000
2015,October,Daman and Diu,Male,182000
2015,October,Daman and Diu,Female,96000
2015,October,Dadra and Nagar Haveli,Total,255000
2015,October,Dadra and Nagar Haveli,Male,152000
2015,October,Dadra and Nagar Haveli,Female,103000
2015,October,Chhattisgarh,Total,6779000
2015,October,Chhattisgarh,Male,3466000
2015,October,Chhattisgarh,Female,3313000
2015,October,Chandigarh,Total,1115000
2015,October,Chandigarh,Male,612000
2015,October,Chandigarh,Female,503000
2015,October,Bihar,Total,13238000
2015,October,Bihar,Male,6986000
2015,October,Bihar,Female,6252000
2015,October,Assam,Total,4838000
2015,October,Assam,Male,2486000
2015,October,Assam,Female,2352000
2015,October,Arunachal Pradesh,Total,348000
2015,October,Arunachal Pradesh,Male,184000
2015,October,Arunachal Pradesh,Female,164000
2015,October,Andhra Pradesh,Total,16438000
2015,October,Andhra Pradesh,Male,8273000
2015,October,Andhra Pradesh,Female,8165000
2015,October,Andaman and Nicobar Islands,Total,157000
2015,October,Andaman and Nicobar Islands,Male,84000
2015,October,Andaman and Nicobar Islands,Female,73000
2015,October,All India,Total,419575000
2015,October,All India,Male,217453000
2015,October,All India,Female,202122000
2015,March,West Bengal,Total,31590000
2015,March,West Bengal,Male,16250000
2015,March,West Bengal,Female,15340000
2015,March,Uttarakhand,Total,3413000
2015,March,Uttarakhand,Male,1812000
2015,March,Uttarakhand,Female,1601000
2015,March,Uttar Pradesh,Total,48667000
2015,March,Uttar Pradesh,Male,25695000
2015,March,Uttar Pradesh,Female,22972000
2015,March,Tripura,Total,1166000
2015,March,Tripura,Male,591000
2015,March,Tripura,Female,575000
2015,March,Telangana,Total,15231000
2015,March,Telangana,Male,7665000
2015,March,Telangana,Female,7566000
2015,March,Tamil Nadu,Total,37180000
2015,March,Tamil Nadu,Male,18590000
2015,March,Tamil Nadu,Female,18590000
2015,March,Sikkim,Total,209000
2015,March,Sikkim,Male,109000
2015,March,Sikkim,Female,100000
2015,March,Rajasthan,Total,18615000
2015,March,Rajasthan,Male,9726000
2015,March,Rajasthan,Female,8889000
2015,March,Punjab,Total,11236000
2015,March,Punjab,Male,5993000
2015,March,Punjab,Female,5243000
2015,March,Puducherry,Total,946000
2015,March,Puducherry,Male,463000
2015,March,Puducherry,Female,483000
2015,March,Odisha,Total,7578000
2015,March,Odisha,Male,3922000
2015,March,Odisha,Female,3656000
2015,March,Nagaland,Total,710000
2015,March,Nagaland,Male,372000
2015,March,Nagaland,Female,338000
2015,March,Mizoram,Total,608000
2015,March,Mizoram,Male,304000
2015,March,Mizoram,Female,304000
2015,March,Meghalaya,Total,627000
2015,March,Meghalaya,Male,313000
2015,March,Meghalaya,Female,314000
2015,March,Manipur,Total,903000
2015,March,Manipur,Male,446000
2015,March,Manipur,Female,457000
2015,March,Maharashtra,Total,54426000
2015,March,Maharashtra,Male,28600000
2015,March,Maharashtra,Female,25826000
2015,March,Madhya Pradesh,Total,21797000
2015,March,Madhya Pradesh,Male,11364000
2015,March,Madhya Pradesh,Female,10433000
2015,March,Lakshadweep,Total,58000
2015,March,Lakshadweep,Male,30000
2015,March,Lakshadweep,Female,28000
2015,March,Ladakh,Total,72000
2015,March,Ladakh,Male,47000
2015,March,Ladakh,Female,25000
2015,March,Kerala,Total,19653000
2015,March,Kerala,Male,9399000
2015,March,Kerala,Female,10254000
2015,March,Karnataka,Total,25813000
2015,March,Karnataka,Male,13150000
2015,March,Karnataka,Female,12663000
2015,March,Jharkhand,Total,8730000
2015,March,Jharkhand,Male,4571000
2015,March,Jharkhand,Female,4159000
2015,March,Jammu and Kashmir,Total,3639000
2015,March,Jammu and Kashmir,Male,1970000
2015,March,Jammu and Kashmir,Female,1669000
2015,March,Himachal Pradesh,Total,719000
2015,March,Himachal Pradesh,Male,388000
2015,March,Himachal Pradesh,Female,331000
2015,March,Haryana,Total,10092000
2015,March,Haryana,Male,5388000
2015,March,Haryana,Female,4704000
2015,March,Gujarat,Total,28699000
2015,March,Gujarat,Male,15265000
2015,March,Gujarat,Female,13434000
2015,March,Goa,Total,1004000
2015,March,Goa,Male,513000
2015,March,Goa,Female,491000
2015,March,Delhi,Total,18009000
2015,March,Delhi,Male,9641000
2015,March,Delhi,Female,8368000
2015,March,Daman and Diu,Total,266000
2015,March,Daman and Diu,Male,173000
2015,March,Daman and Diu,Female,93000
2015,March,Dadra and Nagar Haveli,Total,242000
2015,March,Dadra and Nagar Haveli,Male,144000
2015,March,Dadra and Nagar Haveli,Female,98000
2015,March,Chhattisgarh,Total,6669000
2015,March,Chhattisgarh,Male,3410000
2015,March,Chhattisgarh,Female,3259000
2015,March,Chandigarh,Total,1104000
2015,March,Chandigarh,Male,606000
2015,March,Chandigarh,Female,498000
2015,March,Bihar,Total,13046000
2015,March,Bihar,Male,6884000
2015,March,Bihar,Female,6162000
2015,March,Assam,Total,4781000
2015,March,Assam,Male,2457000
2015,March,Assam,Female,2324000
2015,March,Arunachal Pradesh,Total,344000
2015,March,Arunachal Pradesh,Male,182000
2015,March,Arunachal Pradesh,Female,162000
2015,March,Andhra Pradesh,Total,16198000
2015,March,Andhra Pradesh,Male,8152000
2015,March,Andhra Pradesh,Female,8046000
2015,March,Andaman and Nicobar Islands,Total,155000
2015,March,Andaman and Nicobar Islands,Male,83000
2015,March,Andaman and Nicobar Islands,Female,72000
2015,March,All India,Total,414195000
2015,March,All India,Male,214668000
2015,March,All India,Female,199527000
2015,July,West Bengal,Total,31804000
2015,July,West Bengal,Male,16360000
2015,July,West Bengal,Female,15444000
2015,July,Uttarakhand,Total,3444000
2015,July,Uttarakhand,Male,1828000
2015,July,Uttarakhand,Female,1616000
2015,July,Uttar Pradesh,Total,49021000
2015,July,Uttar Pradesh,Male,25882000
2015,July,Uttar Pradesh,Female,23139000
2015,July,Tripura,Total,1184000
2015,July,Tripura,Male,600000
2015,July,Tripura,Female,584000
2015,July,Telangana,Total,15231000
2015,July,Telangana,Male,7665000
2015,July,Telangana,Female,7566000
2015,July,Tamil Nadu,Total,37372000
2015,July,Tamil Nadu,Male,18686000
2015,July,Tamil Nadu,Female,18686000
2015,July,Sikkim,Total,214000
2015,July,Sikkim,Male,112000
2015,July,Sikkim,Female,102000
2015,July,Rajasthan,Total,18748000
2015,July,Rajasthan,Male,9795000
2015,July,Rajasthan,Female,8953000
2015,July,Punjab,Total,11307000
2015,July,Punjab,Male,6031000
2015,July,Punjab,Female,5277000
2015,July,Puducherry,Total,954000
2015,July,Puducherry,Male,467000
2015,July,Puducherry,Female,487000
2015,July,Odisha,Total,7627000
2015,July,Odisha,Male,3948000
2015,July,Odisha,Female,3679000
2015,July,Nagaland,Total,722000
2015,July,Nagaland,Male,379000
2015,July,Nagaland,Female,344000
2015,July,Mizoram,Total,611000
2015,July,Mizoram,Male,306000
2015,July,Mizoram,Female,305000
2015,July,Meghalaya,Total,630000
2015,July,Meghalaya,Male,315000
2015,July,Meghalaya,Female,315000
2015,July,Manipur,Total,909000
2015,July,Manipur,Male,449000
2015,July,Manipur,Female,460000
2015,July,Maharashtra,Total,54731000
2015,July,Maharashtra,Male,28761000
2015,July,Maharashtra,Female,25971000
2015,July,Madhya Pradesh,Total,21943000
2015,July,Madhya Pradesh,Male,11440000
2015,July,Madhya Pradesh,Female,10502000
2015,July,Lakshadweep,Total,59000
2015,July,Lakshadweep,Male,30000
2015,July,Lakshadweep,Female,29000
2015,July,Ladakh,Total,73000
2015,July,Ladakh,Male,48000
2015,July,Ladakh,Female,25000
2015,July,Kerala,Total,19969000
2015,July,Kerala,Male,9550000
2015,July,Kerala,Female,10419000
2015,July,Karnataka,Total,26000000
2015,July,Karnataka,Male,13245000
2015,July,Karnataka,Female,12755000
2015,July,Jharkhand,Total,8798000
2015,July,Jharkhand,Male,4606000
2015,July,Jharkhand,Female,4192000
2015,July,Jammu and Kashmir,Total,3662000
2015,July,Jammu and Kashmir,Male,1983000
2015,July,Jammu and Kashmir,Female,1679000
2015,July,Himachal Pradesh,Total,721000
2015,July,Himachal Pradesh,Male,389000
2015,July,Himachal Pradesh,Female,332000
2015,July,Haryana,Total,10200000
2015,July,Haryana,Male,5446000
2015,July,Haryana,Female,4754000
2015,July,Gujarat,Total,28952000
2015,July,Gujarat,Male,15400000
2015,July,Gujarat,Female,13552000
2015,July,Goa,Total,1012000
2015,July,Goa,Male,518000
2015,July,Goa,Female,495000
2015,July,Delhi,Total,18145000
2015,July,Delhi,Male,9714000
2015,July,Delhi,Female,8431000
2015,July,Daman and Diu,Total,273000
2015,July,Daman and Diu,Male,178000
2015,July,Daman and Diu,Female,95000
2015,July,Dadra and Nagar Haveli,Total,249000
2015,July,Dadra and Nagar Haveli,Male,148000
2015,July,Dadra and Nagar Haveli,Female,101000
2015,July,Chhattisgarh,Total,6732000
2015,July,Chhattisgarh,Male,3442000
2015,July,Chhattisgarh,Female,3290000
2015,July,Chandigarh,Total,1110000
2015,July,Chandigarh,Male,609000
2015,July,Chandigarh,Female,501000
2015,July,Bihar,Total,13156000
2015,July,Bihar,Male,6942000
2015,July,Bihar,Female,6213000
2015,July,Assam,Total,4814000
2015,July,Assam,Male,2474000
2015,July,Assam,Female,2340000
2015,July,Arunachal Pradesh,Total,346000
2015,July,Arunachal Pradesh,Male,183000
2015,July,Arunachal Pradesh,Female,163000
2015,July,Andhra Pradesh,Total,16335000
2015,July,Andhra Pradesh,Male,8221000
2015,July,Andhra Pradesh,Female,8114000
2015,July,Andaman and Nicobar Islands,Total,156000
2015,July,Andaman and Nicobar Islands,Male,83000
2015,July,Andaman and Nicobar Islands,Female,73000
2015,July,All India,Total,417216000
2015,July,All India,Male,216233000
2015,July,All India,Female,200983000
2014,October,West Bengal,Total,31326000
2014,October,West Bengal,Male,16114000
2014,October,West Bengal,Female,15212000
2014,October,Uttarakhand,Total,3374000
2014,October,Uttarakhand,Male,1791000
2014,October,Uttarakhand,Female,1583000
2014,October,Uttar Pradesh,Total,48227000
2014,October,Uttar Pradesh,Male,25463000
2014,October,Uttar Pradesh,Female,22764000
2014,October,Tripura,Total,1144000
2014,October,Tripura,Male,580000
2014,October,Tripura,Female,564000
2014,October,Telangana,Total,14944000
2014,October,Telangana,Male,7521000
2014,October,Telangana,Female,7423000
2014,October,Tamil Nadu,Total,36942000
2014,October,Tamil Nadu,Male,18471000
2014,October,Tamil Nadu,Female,18471000
2014,October,Sikkim,Total,203000
2014,October,Sikkim,Male,106000
2014,October,Sikkim,Female,97000
2014,October,Rajasthan,Total,18450000
2014,October,Rajasthan,Male,9639000
2014,October,Rajasthan,Female,8811000
2014,October,Punjab,Total,11148000
2014,October,Punjab,Male,5945000
2014,October,Punjab,Female,5202000
2014,October,Puducherry,Total,936000
2014,October,Puducherry,Male,459000
2014,October,Puducherry,Female,478000
2014,October,Odisha,Total,7517000
2014,October,Odisha,Male,3891000
2014,October,Odisha,Female,3626000
2014,October,Nagaland,Total,695000
2014,October,Nagaland,Male,364000
2014,October,Nagaland,Female,331000
2014,October,Mizoram,Total,604000
2014,October,Mizoram,Male,302000
2014,October,Mizoram,Female,302000
2014,October,Meghalaya,Total,624000
2014,October,Meghalaya,Male,312000
2014,October,Meghalaya,Female,312000
2014,October,Manipur,Total,896000
2014,October,Manipur,Male,442000
2014,October,Manipur,Female,453000
2014,October,Maharashtra,Total,54046000
2014,October,Maharashtra,Male,28401000
2014,October,Maharashtra,Female,25646000
2014,October,Madhya Pradesh,Total,21616000
2014,October,Madhya Pradesh,Male,11270000
2014,October,Madhya Pradesh,Female,10346000
2014,October,Lakshadweep,Total,57000
2014,October,Lakshadweep,Male,29000
2014,October,Lakshadweep,Female,28000
2014,October,Ladakh,Total,71000
2014,October,Ladakh,Male,46000
2014,October,Ladakh,Female,24000
2014,October,Kerala,Total,19260000
2014,October,Kerala,Male,9211000
2014,October,Kerala,Female,10049000
2014,October,Karnataka,Total,25581000
2014,October,Karnataka,Male,13032000
2014,October,Karnataka,Female,12550000
2014,October,Jharkhand,Total,8646000
2014,October,Jharkhand,Male,4527000
2014,October,Jharkhand,Female,4119000
2014,October,Jammu and Kashmir,Total,3611000
2014,October,Jammu and Kashmir,Male,1955000
2014,October,Jammu and Kashmir,Female,1656000
2014,October,Himachal Pradesh,Total,716000
2014,October,Himachal Pradesh,Male,386000
2014,October,Himachal Pradesh,Female,329000
2014,October,Haryana,Total,9959000
2014,October,Haryana,Male,5317000
2014,October,Haryana,Female,4642000
2014,October,Gujarat,Total,28387000
2014,October,Gujarat,Male,15099000
2014,October,Gujarat,Female,13287000
2014,October,Goa,Total,994000
2014,October,Goa,Male,508000
2014,October,Goa,Female,486000
2014,October,Delhi,Total,17839000
2014,October,Delhi,Male,9550000
2014,October,Delhi,Female,8289000
2014,October,Daman and Diu,Total,257000
2014,October,Daman and Diu,Male,167000
2014,October,Daman and Diu,Female,90000
2014,October,Dadra and Nagar Haveli,Total,233000
2014,October,Dadra and Nagar Haveli,Male,139000
2014,October,Dadra and Nagar Haveli,Female,95000
2014,October,Chhattisgarh,Total,6592000
2014,October,Chhattisgarh,Male,3370000
2014,October,Chhattisgarh,Female,3222000
2014,October,Chandigarh,Total,1096000
2014,October,Chandigarh,Male,602000
2014,October,Chandigarh,Female,495000
2014,October,Bihar,Total,12910000
2014,October,Bihar,Male,6813000
2014,October,Bihar,Female,6097000
2014,October,Assam,Total,4741000
2014,October,Assam,Male,2436000
2014,October,Assam,Female,2305000
2014,October,Arunachal Pradesh,Total,341000
2014,October,Arunachal Pradesh,Male,180000
2014,October,Arunachal Pradesh,Female,161000
2014,October,Andhra Pradesh,Total,16029000
2014,October,Andhra Pradesh,Male,8067000
2014,October,Andhra Pradesh,Female,7962000
2014,October,Andaman and Nicobar Islands,Total,154000
2014,October,Andaman and Nicobar Islands,Male,82000
2014,October,Andaman and Nicobar Islands,Female,72000
2014,October,All India,Total,410166000
2014,October,All India,Male,212587000
2014,October,All India,Female,197579000
2014,March,West Bengal,Total,30956000
2014,March,West Bengal,Male,15924000
2014,March,West Bengal,Female,15032000
2014,March,Uttarakhand,Total,3320000
2014,March,Uttarakhand,Male,1762000
2014,March,Uttarakhand,Female,1558000
2014,March,Uttar Pradesh,Total,47612000
2014,March,Uttar Pradesh,Male,25138000
2014,March,Uttar Pradesh,Female,22474000
2014,March,Tripura,Total,1113000
2014,March,Tripura,Male,564000
2014,March,Tripura,Female,549000
2014,March,Telangana,Total,14849000
2014,March,Telangana,Male,7473000
2014,March,Telangana,Female,7376000
2014,March,Tamil Nadu,Total,36608000
2014,March,Tamil Nadu,Male,18304000
2014,March,Tamil Nadu,Female,18304000
2014,March,Sikkim,Total,194000
2014,March,Sikkim,Male,101000
2014,March,Sikkim,Female,93000
2014,March,Rajasthan,Total,18219000
2014,March,Rajasthan,Male,9519000
2014,March,Rajasthan,Female,8700000
2014,March,Punjab,Total,11024000
2014,March,Punjab,Male,5879000
2014,March,Punjab,Female,5145000
2014,March,Puducherry,Total,923000
2014,March,Puducherry,Male,452000
2014,March,Puducherry,Female,471000
2014,March,Odisha,Total,7432000
2014,March,Odisha,Male,3847000
2014,March,Odisha,Female,3585000
2014,March,Nagaland,Total,674000
2014,March,Nagaland,Male,353000
2014,March,Nagaland,Female,321000
2014,March,Mizoram,Total,599000
2014,March,Mizoram,Male,300000
2014,March,Mizoram,Female,299000
2014,March,Meghalaya,Total,619000
2014,March,Meghalaya,Male,309000
2014,March,Meghalaya,Female,310000
2014,March,Manipur,Total,885000
2014,March,Manipur,Male,437000
2014,March,Manipur,Female,448000
2014,March,Maharashtra,Total,53515000
2014,March,Maharashtra,Male,28121000
2014,March,Maharashtra,Female,25394000
2014,March,Madhya Pradesh,Total,21362000
2014,March,Madhya Pradesh,Male,11138000
2014,March,Madhya Pradesh,Female,10224000
2014,March,Lakshadweep,Total,56000
2014,March,Lakshadweep,Male,29000
2014,March,Lakshadweep,Female,27000
2014,March,Ladakh,Total,69000
2014,March,Ladakh,Male,45000
2014,March,Ladakh,Female,24000
2014,March,Kerala,Total,18709000
2014,March,Kerala,Male,8947000
2014,March,Kerala,Female,9762000
2014,March,Karnataka,Total,25257000
2014,March,Karnataka,Male,12867000
2014,March,Karnataka,Female,12390000
2014,March,Jharkhand,Total,8528000
2014,March,Jharkhand,Male,4465000
2014,March,Jharkhand,Female,4063000
2014,March,Jammu and Kashmir,Total,3571000
2014,March,Jammu and Kashmir,Male,1933000
2014,March,Jammu and Kashmir,Female,1638000
2014,March,Himachal Pradesh,Total,711000
2014,March,Himachal Pradesh,Male,384000
2014,March,Himachal Pradesh,Female,327000
2014,March,Haryana,Total,9773000
2014,March,Haryana,Male,5218000
2014,March,Haryana,Female,4555000
2014,March,Gujarat,Total,27949000
2014,March,Gujarat,Male,14866000
2014,March,Gujarat,Female,13083000
2014,March,Goa,Total,980000
2014,March,Goa,Male,501000
2014,March,Goa,Female,479000
2014,March,Delhi,Total,17601000
2014,March,Delhi,Male,9422000
2014,March,Delhi,Female,8179000
2014,March,Daman and Diu,Total,245000
2014,March,Daman and Diu,Male,158000
2014,March,Daman and Diu,Female,87000
2014,March,Dadra and Nagar Haveli,Total,221000
2014,March,Dadra and Nagar Haveli,Male,131000
2014,March,Dadra and Nagar Haveli,Female,90000
2014,March,Chhattisgarh,Total,6483000
2014,March,Chhattisgarh,Male,3314000
2014,March,Chhattisgarh,Female,3169000
2014,March,Chandigarh,Total,1085000
2014,March,Chandigarh,Male,595000
2014,March,Chandigarh,Female,490000
2014,March,Bihar,Total,12720000
2014,March,Bihar,Male,6712000
2014,March,Bihar,Female,6008000
2014,March,Assam,Total,4684000
2014,March,Assam,Male,2407000
2014,March,Assam,Female,2277000
2014,March,Arunachal Pradesh,Total,337000
2014,March,Arunachal Pradesh,Male,178000
2014,March,Arunachal Pradesh,Female,159000
2014,March,Andhra Pradesh,Total,15793000
2014,March,Andhra Pradesh,Male,7948000
2014,March,Andhra Pradesh,Female,7845000
2014,March,Andaman and Nicobar Islands,Total,152000
2014,March,Andaman and Nicobar Islands,Male,81000
2014,March,Andaman and Nicobar Islands,Female,71000
2014,March,All India,Total,404828000
2014,March,All India,Male,209822000
2014,March,All India,Female,195006000
2014,July,West Bengal,Total,31167000
2014,July,West Bengal,Male,16033000
2014,July,West Bengal,Female,15135000
2014,July,Uttarakhand,Total,3351000
2014,July,Uttarakhand,Male,1779000
2014,July,Uttarakhand,Female,1572000
2014,July,Uttar Pradesh,Total,47964000
2014,July,Uttar Pradesh,Male,25324000
2014,July,Uttar Pradesh,Female,22640000
2014,July,Tripura,Total,1131000
2014,July,Tripura,Male,573000
2014,July,Tripura,Female,558000
2014,July,Telangana,Total,14849000
2014,July,Telangana,Male,7473000
2014,July,Telangana,Female,7376000
2014,July,Tamil Nadu,Total,36799000
2014,July,Tamil Nadu,Male,18399000
2014,July,Tamil Nadu,Female,18399000
2014,July,Sikkim,Total,199000
2014,July,Sikkim,Male,104000
2014,July,Sikkim,Female,95000
2014,July,Rajasthan,Total,18351000
2014,July,Rajasthan,Male,9588000
2014,July,Rajasthan,Female,8763000
2014,July,Punjab,Total,11095000
2014,July,Punjab,Male,5917000
2014,July,Punjab,Female,5178000
2014,July,Puducherry,Total,931000
2014,July,Puducherry,Male,456000
2014,July,Puducherry,Female,475000
2014,July,Odisha,Total,7481000
2014,July,Odisha,Male,3872000
2014,July,Odisha,Female,3609000
2014,July,Nagaland,Total,686000
2014,July,Nagaland,Male,360000
2014,July,Nagaland,Female,326000
2014,July,Mizoram,Total,602000
2014,July,Mizoram,Male,301000
2014,July,Mizoram,Female,301000
2014,July,Meghalaya,Total,622000
2014,July,Meghalaya,Male,311000
2014,July,Meghalaya,Female,311000
2014,July,Manipur,Total,891000
2014,July,Manipur,Male,440000
2014,July,Manipur,Female,451000
2014,July,Maharashtra,Total,53819000
2014,July,Maharashtra,Male,28281000
2014,July,Maharashtra,Female,25538000
2014,July,Madhya Pradesh,Total,21507000
2014,July,Madhya Pradesh,Male,11213000
2014,July,Madhya Pradesh,Female,10294000
2014,July,Lakshadweep,Total,57000
2014,July,Lakshadweep,Male,29000
2014,July,Lakshadweep,Female,28000
2014,July,Ladakh,Total,70000
2014,July,Ladakh,Male,46000
2014,July,Ladakh,Female,24000
2014,July,Kerala,Total,19024000
2014,July,Kerala,Male,9098000
2014,July,Kerala,Female,9926000
2014,July,Karnataka,Total,25442000
2014,July,Karnataka,Male,12961000
2014,July,Karnataka,Female,12481000
2014,July,Jharkhand,Total,8595000
2014,July,Jharkhand,Male,4500000
2014,July,Jharkhand,Female,4095000
2014,July,Jammu and Kashmir,Total,3594000
2014,July,Jammu and Kashmir,Male,1946000
2014,July,Jammu and Kashmir,Female,1648000
2014,July,Himachal Pradesh,Total,714000
2014,July,Himachal Pradesh,Male,385000
2014,July,Himachal Pradesh,Female,329000
2014,July,Haryana,Total,9879000
2014,July,Haryana,Male,5275000
2014,July,Haryana,Female,4605000
2014,July,Gujarat,Total,28199000
2014,July,Gujarat,Male,14999000
2014,July,Gujarat,Female,13200000
2014,July,Goa,Total,988000
2014,July,Goa,Male,505000
2014,July,Goa,Female,483000
2014,July,Delhi,Total,17737000
2014,July,Delhi,Male,9495000
2014,July,Delhi,Female,8242000
2014,July,Daman and Diu,Total,252000
2014,July,Daman and Diu,Male,163000
2014,July,Daman and Diu,Female,89000
2014,July,Dadra and Nagar Haveli,Total,228000
2014,July,Dadra and Nagar Haveli,Male,136000
2014,July,Dadra and Nagar Haveli,Female,92000
2014,July,Chhattisgarh,Total,6545000
2014,July,Chhattisgarh,Male,3346000
2014,July,Chhattisgarh,Female,3199000
2014,July,Chandigarh,Total,1091000
2014,July,Chandigarh,Male,599000
2014,July,Chandigarh,Female,492000
2014,July,Bihar,Total,12829000
2014,July,Bihar,Male,6770000
2014,July,Bihar,Female,6059000
2014,July,Assam,Total,4716000
2014,July,Assam,Male,2424000
2014,July,Assam,Female,2293000
2014,July,Arunachal Pradesh,Total,339000
2014,July,Arunachal Pradesh,Male,180000
2014,July,Arunachal Pradesh,Female,160000
2014,July,Andhra Pradesh,Total,15928000
2014,July,Andhra Pradesh,Male,8016000
2014,July,Andhra Pradesh,Female,7912000
2014,July,Andaman and Nicobar Islands,Total,153000
2014,July,Andaman and Nicobar Islands,Male,82000
2014,July,Andaman and Nicobar Islands,Female,71000
2014,July,All India,Total,407828000
2014,July,All India,Male,211379000
2014,July,All India,Female,196449000
2013,October,West Bengal,Total,30694000
2013,October,West Bengal,Male,15789000
2013,October,West Bengal,Female,14905000
2013,October,Uttarakhand,Total,3282000
2013,October,Uttarakhand,Male,1742000
2013,October,Uttarakhand,Female,1540000
2013,October,Uttar Pradesh,Total,47176000
2013,October,Uttar Pradesh,Male,24908000
2013,October,Uttar Pradesh,Female,22268000
2013,October,Tripura,Total,1091000
2013,October,Tripura,Male,553000
2013,October,Tripura,Female,538000
2013,October,Telangana,Total,14566000
2013,October,Telangana,Male,7331000
2013,October,Telangana,Female,7235000
2013,October,Tamil Nadu,Total,36371000
2013,October,Tamil Nadu,Male,18186000
2013,October,Tamil Nadu,Female,18186000
2013,October,Sikkim,Total,188000
2013,October,Sikkim,Male,98000
2013,October,Sikkim,Female,90000
2013,October,Rajasthan,Total,18055000
2013,October,Rajasthan,Male,9433000
2013,October,Rajasthan,Female,8622000
2013,October,Punjab,Total,10937000
2013,October,Punjab,Male,5833000
2013,October,Punjab,Female,5104000
2013,October,Puducherry,Total,913000
2013,October,Puducherry,Male,447000
2013,October,Puducherry,Female,466000
2013,October,Odisha,Total,7372000
2013,October,Odisha,Male,3816000
2013,October,Odisha,Female,3556000
2013,October,Nagaland,Total,659000
2013,October,Nagaland,Male,346000
2013,October,Nagaland,Female,314000
2013,October,Mizoram,Total,595000
2013,October,Mizoram,Male,298000
2013,October,Mizoram,Female,297000
2013,October,Meghalaya,Total,616000
2013,October,Meghalaya,Male,308000
2013,October,Meghalaya,Female,308000
2013,October,Manipur,Total,878000
2013,October,Manipur,Male,433000
2013,October,Manipur,Female,445000
2013,October,Maharashtra,Total,53138000
2013,October,Maharashtra,Male,27923000
2013,October,Maharashtra,Female,25215000
2013,October,Madhya Pradesh,Total,21182000
2013,October,Madhya Pradesh,Male,11044000
2013,October,Madhya Pradesh,Female,10138000
2013,October,Lakshadweep,Total,55000
2013,October,Lakshadweep,Male,28000
2013,October,Lakshadweep,Female,27000
2013,October,Ladakh,Total,68000
2013,October,Ladakh,Male,45000
2013,October,Ladakh,Female,23000
2013,October,Kerala,Total,18319000
2013,October,Kerala,Male,8761000
2013,October,Kerala,Female,9558000
2013,October,Karnataka,Total,25028000
2013,October,Karnataka,Male,12750000
2013,October,Karnataka,Female,12278000
2013,October,Jharkhand,Total,8445000
2013,October,Jharkhand,Male,4421000
2013,October,Jharkhand,Female,4023000
2013,October,Jammu and Kashmir,Total,3543000
2013,October,Jammu and Kashmir,Male,1918000
2013,October,Jammu and Kashmir,Female,1625000
2013,October,Himachal Pradesh,Total,708000
2013,October,Himachal Pradesh,Male,382000
2013,October,Himachal Pradesh,Female,326000
2013,October,Haryana,Total,9642000
2013,October,Haryana,Male,5148000
2013,October,Haryana,Female,4494000
2013,October,Gujarat,Total,27640000
2013,October,Gujarat,Male,14702000
2013,October,Gujarat,Female,12938000
2013,October,Goa,Total,970000
2013,October,Goa,Male,496000
2013,October,Goa,Female,474000
2013,October,Delhi,Total,17430000
2013,October,Delhi,Male,9331000
2013,October,Delhi,Female,8099000
2013,October,Daman and Diu,Total,236000
2013,October,Daman and Diu,Male,151000
2013,October,Daman and Diu,Female,85000
2013,October,Dadra and Nagar Haveli,Total,212000
2013,October,Dadra and Nagar Haveli,Male,126000
2013,October,Dadra and Nagar Haveli,Female,86000
2013,October,Chhattisgarh,Total,6406000
2013,October,Chhattisgarh,Male,3275000
2013,October,Chhattisgarh,Female,3131000
2013,October,Chandigarh,Total,1077000
2013,October,Chandigarh,Male,591000
2013,October,Chandigarh,Female,486000
2013,October,Bihar,Total,12585000
2013,October,Bihar,Male,6641000
2013,October,Bihar,Female,5944000
2013,October,Assam,Total,4644000
2013,October,Assam,Male,2386000
2013,October,Assam,Female,2258000
2013,October,Arunachal Pradesh,Total,335000
2013,October,Arunachal Pradesh,Male,177000
2013,October,Arunachal Pradesh,Female,158000
2013,October,Andhra Pradesh,Total,15626000
2013,October,Andhra Pradesh,Male,7864000
2013,October,Andhra Pradesh,Female,7762000
2013,October,Andaman and Nicobar Islands,Total,151000
2013,October,Andaman and Nicobar Islands,Male,80000
2013,October,Andaman and Nicobar Islands,Female,70000
2013,October,All India,Total,400833000
2013,October,All India,Male,207761000
2013,October,All India,Female,193072000
2013,March,West Bengal,Total,30328000
2013,March,West Bengal,Male,15601000
2013,March,West Bengal,Female,14727000
2013,March,Uttarakhand,Total,3229000
2013,March,Uttarakhand,Male,1714000
2013,March,Uttarakhand,Female,1515000
2013,March,Uttar Pradesh,Total,46565000
2013,March,Uttar Pradesh,Male,24586000
2013,March,Uttar Pradesh,Female,21979000
2013,March,Tripura,Total,1061000
2013,March,Tripura,Male,538000
2013,March,Tripura,Female,523000
2013,March,Telangana,Total,14472000
2013,March,Telangana,Male,7283000
2013,March,Telangana,Female,7189000
2013,March,Tamil Nadu,Total,36040000
2013,March,Tamil Nadu,Male,18020000
2013,March,Tamil Nadu,Female,18020000
2013,March,Sikkim,Total,180000
2013,March,Sikkim,Male,94000
2013,March,Sikkim,Female,86000
2013,March,Rajasthan,Total,17826000
2013,March,Rajasthan,Male,9313000
2013,March,Rajasthan,Female,8513000
2013,March,Punjab,Total,10814000
2013,March,Punjab,Male,5767000
2013,March,Punjab,Female,5047000
2013,March,Puducherry,Total,899000
2013,March,Puducherry,Male,440000
2013,March,Puducherry,Female,459000
2013,March,Odisha,Total,7288000
2013,March,Odisha,Male,3772000
2013,March,Odisha,Female,3516000
2013,March,Nagaland,Total,639000
2013,March,Nagaland,Male,335000
2013,March,Nagaland,Female,304000
2013,March,Mizoram,Total,590000
2013,March,Mizoram,Male,295000
2013,March,Mizoram,Female,295000
2013,March,Meghalaya,Total,611000
2013,March,Meghalaya,Male,305000
2013,March,Meghalaya,Female,306000
2013,March,Manipur,Total,868000
2013,March,Manipur,Male,428000
2013,March,Manipur,Female,440000
2013,March,Maharashtra,Total,52610000
2013,March,Maharashtra,Male,27646000
2013,March,Maharashtra,Female,24964000
2013,March,Madhya Pradesh,Total,20929000
2013,March,Madhya Pradesh,Male,10912000
2013,March,Madhya Pradesh,Female,10017000
2013,March,Lakshadweep,Total,54000
2013,March,Lakshadweep,Male,28000
2013,March,Lakshadweep,Female,26000
2013,March,Ladakh,Total,67000
2013,March,Ladakh,Male,44000
2013,March,Ladakh,Female,23000
2013,March,Kerala,Total,17774000
2013,March,Kerala,Male,8500000
2013,March,Kerala,Female,9274000
2013,March,Karnataka,Total,24708000
2013,March,Karnataka,Male,12587000
2013,March,Karnataka,Female,12121000
2013,March,Jharkhand,Total,8328000
2013,March,Jharkhand,Male,4360000
2013,March,Jharkhand,Female,3968000
2013,March,Jammu and Kashmir,Total,3504000
2013,March,Jammu and Kashmir,Male,1897000
2013,March,Jammu and Kashmir,Female,1607000
2013,March,Himachal Pradesh,Total,704000
2013,March,Himachal Pradesh,Male,380000
2013,March,Himachal Pradesh,Female,324000
2013,March,Haryana,Total,9459000
2013,March,Haryana,Male,5050000
2013,March,Haryana,Female,4409000
2013,March,Gujarat,Total,27207000
2013,March,Gujarat,Male,14472000
2013,March,Gujarat,Female,12735000
2013,March,Goa,Total,955000
2013,March,Goa,Male,488000
2013,March,Goa,Female,467000
2013,March,Delhi,Total,17191000
2013,March,Delhi,Male,9203000
2013,March,Delhi,Female,7988000
2013,March,Daman and Diu,Total,224000
2013,March,Daman and Diu,Male,143000
2013,March,Daman and Diu,Female,81000
2013,March,Dadra and Nagar Haveli,Total,200000
2013,March,Dadra and Nagar Haveli,Male,119000
2013,March,Dadra and Nagar Haveli,Female,81000
2013,March,Chhattisgarh,Total,6299000
2013,March,Chhattisgarh,Male,3220000
2013,March,Chhattisgarh,Female,3079000
2013,March,Chandigarh,Total,1066000
2013,March,Chandigarh,Male,585000
2013,March,Chandigarh,Female,481000
2013,March,Bihar,Total,12397000
2013,March,Bihar,Male,6542000
2013,March,Bihar,Female,5855000
2013,March,Assam,Total,4588000
2013,March,Assam,Male,2358000
2013,March,Assam,Female,2230000
2013,March,Arunachal Pradesh,Total,331000
2013,March,Arunachal Pradesh,Male,175000
2013,March,Arunachal Pradesh,Female,156000
2013,March,Andhra Pradesh,Total,15393000
2013,March,Andhra Pradesh,Male,7747000
2013,March,Andhra Pradesh,Female,7646000
2013,March,Andaman and Nicobar Islands,Total,149000
2013,March,Andaman and Nicobar Islands,Male,80000
2013,March,Andaman and Nicobar Islands,Female,69000
2013,March,All India,Total,395547000
2013,March,All India,Male,205027000
2013,March,All India,Female,190520000
2013,July,West Bengal,Total,30537000
2013,July,West Bengal,Male,15709000
2013,July,West Bengal,Female,14829000
2013,July,Uttarakhand,Total,3259000
2013,July,Uttarakhand,Male,1730000
2013,July,Uttarakhand,Female,1529000
2013,July,Uttar Pradesh,Total,46914000
2013,July,Uttar Pradesh,Male,24770000
2013,July,Uttar Pradesh,Female,22144000
2013,July,Tripura,Total,1078000
2013,July,Tripura,Male,547000
2013,July,Tripura,Female,532000
2013,July,Telangana,Total,14472000
2013,July,Telangana,Male,7283000
2013,July,Telangana,Female,7189000
2013,July,Tamil Nadu,Total,36229000
2013,July,Tamil Nadu,Male,18115000
2013,July,Tamil Nadu,Female,18115000
2013,July,Sikkim,Total,185000
2013,July,Sikkim,Male,97000
2013,July,Sikkim,Female,88000
2013,July,Rajasthan,Total,17957000
2013,July,Rajasthan,Male,9382000
2013,July,Rajasthan,Female,8575000
2013,July,Punjab,Total,10884000
2013,July,Punjab,Male,5805000
2013,July,Punjab,Female,5079000
2013,July,Puducherry,Total,907000
2013,July,Puducherry,Male,444000
2013,July,Puducherry,Female,463000
2013,July,Odisha,Total,7336000
2013,July,Odisha,Male,3797000
2013,July,Odisha,Female,3539000
2013,July,Nagaland,Total,651000
2013,July,Nagaland,Male,341000
2013,July,Nagaland,Female,310000
2013,July,Mizoram,Total,593000
2013,July,Mizoram,Male,297000
2013,July,Mizoram,Female,296000
2013,July,Meghalaya,Total,614000
2013,July,Meghalaya,Male,307000
2013,July,Meghalaya,Female,307000
2013,July,Manipur,Total,874000
2013,July,Manipur,Male,431000
2013,July,Manipur,Female,442000
2013,July,Maharashtra,Total,52912000
2013,July,Maharashtra,Male,27804000
2013,July,Maharashtra,Female,25107000
2013,July,Madhya Pradesh,Total,21073000
2013,July,Madhya Pradesh,Male,10987000
2013,July,Madhya Pradesh,Female,10086000
2013,July,Lakshadweep,Total,55000
2013,July,Lakshadweep,Male,28000
2013,July,Lakshadweep,Female,27000
2013,July,Ladakh,Total,68000
2013,July,Ladakh,Male,44000
2013,July,Ladakh,Female,23000
2013,July,Kerala,Total,18086000
2013,July,Kerala,Male,8649000
2013,July,Kerala,Female,9436000
2013,July,Karnataka,Total,24891000
2013,July,Karnataka,Male,12680000
2013,July,Karnataka,Female,12211000
2013,July,Jharkhand,Total,8395000
2013,July,Jharkhand,Male,4395000
2013,July,Jharkhand,Female,4000000
2013,July,Jammu and Kashmir,Total,3526000
2013,July,Jammu and Kashmir,Male,1909000
2013,July,Jammu and Kashmir,Female,1617000
2013,July,Himachal Pradesh,Total,706000
2013,July,Himachal Pradesh,Male,381000
2013,July,Himachal Pradesh,Female,325000
2013,July,Haryana,Total,9564000
2013,July,Haryana,Male,5106000
2013,July,Haryana,Female,4458000
2013,July,Gujarat,Total,27454000
2013,July,Gujarat,Male,14603000
2013,July,Gujarat,Female,12851000
2013,July,Goa,Total,963000
2013,July,Goa,Male,493000
2013,July,Goa,Female,471000
2013,July,Delhi,Total,17328000
2013,July,Delhi,Male,9276000
2013,July,Delhi,Female,8052000
2013,July,Daman and Diu,Total,231000
2013,July,Daman and Diu,Male,148000
2013,July,Daman and Diu,Female,83000
2013,July,Dadra and Nagar Haveli,Total,207000
2013,July,Dadra and Nagar Haveli,Male,123000
2013,July,Dadra and Nagar Haveli,Female,84000
2013,July,Chhattisgarh,Total,6360000
2013,July,Chhattisgarh,Male,3252000
2013,July,Chhattisgarh,Female,3109000
2013,July,Chandigarh,Total,1072000
2013,July,Chandigarh,Male,589000
2013,July,Chandigarh,Female,484000
2013,July,Bihar,Total,12505000
2013,July,Bihar,Male,6599000
2013,July,Bihar,Female,5906000
2013,July,Assam,Total,4620000
2013,July,Assam,Male,2374000
2013,July,Assam,Female,2246000
2013,July,Arunachal Pradesh,Total,333000
2013,July,Arunachal Pradesh,Male,176000
2013,July,Arunachal Pradesh,Female,157000
2013,July,Andhra Pradesh,Total,15526000
2013,July,Andhra Pradesh,Male,7814000
2013,July,Andhra Pradesh,Female,7712000
2013,July,Andaman and Nicobar Islands,Total,150000
2013,July,Andaman and Nicobar Islands,Male,80000
2013,July,Andaman and Nicobar Islands,Female,70000
2013,July,All India,Total,398517000
2013,July,All India,Male,206565000
2013,July,All India,Female,191952000
2012,October,West Bengal,Total,30069000
2012,October,West Bengal,Male,15468000
2012,October,West Bengal,Female,14602000
2012,October,Uttarakhand,Total,3191000
2012,October,Uttarakhand,Male,1694000
2012,October,Uttarakhand,Female,1497000
2012,October,Uttar Pradesh,Total,46132000
2012,October,Uttar Pradesh,Male,24357000
2012,October,Uttar Pradesh,Female,21775000
2012,October,Tripura,Total,1040000
2012,October,Tripura,Male,527000
2012,October,Tripura,Female,513000
2012,October,Telangana,Total,14192000
2012,October,Telangana,Male,7142000
2012,October,Telangana,Female,7050000
2012,October,Tamil Nadu,Total,35805000
2012,October,Tamil Nadu,Male,17903000
2012,October,Tamil Nadu,Female,17903000
2012,October,Sikkim,Total,175000
2012,October,Sikkim,Male,91000
2012,October,Sikkim,Female,83000
2012,October,Rajasthan,Total,17664000
2012,October,Rajasthan,Male,9229000
2012,October,Rajasthan,Female,8435000
2012,October,Punjab,Total,10727000
2012,October,Punjab,Male,5721000
2012,October,Punjab,Female,5006000
2012,October,Puducherry,Total,889000
2012,October,Puducherry,Male,436000
2012,October,Puducherry,Female,454000
2012,October,Odisha,Total,7228000
2012,October,Odisha,Male,3741000
2012,October,Odisha,Female,3487000
2012,October,Nagaland,Total,624000
2012,October,Nagaland,Male,327000
2012,October,Nagaland,Female,297000
2012,October,Mizoram,Total,586000
2012,October,Mizoram,Male,293000
2012,October,Mizoram,Female,293000
2012,October,Meghalaya,Total,608000
2012,October,Meghalaya,Male,304000
2012,October,Meghalaya,Female,304000
2012,October,Manipur,Total,861000
2012,October,Manipur,Male,425000
2012,October,Manipur,Female,436000
2012,October,Maharashtra,Total,52235000
2012,October,Maharashtra,Male,27449000
2012,October,Maharashtra,Female,24786000
2012,October,Madhya Pradesh,Total,20749000
2012,October,Madhya Pradesh,Male,10818000
2012,October,Madhya Pradesh,Female,9931000
2012,October,Lakshadweep,Total,53000
2012,October,Lakshadweep,Male,27000
2012,October,Lakshadweep,Female,26000
2012,October,Ladakh,Total,66000
2012,October,Ladakh,Male,43000
2012,October,Ladakh,Female,23000
2012,October,Kerala,Total,17389000
2012,October,Kerala,Male,8316000
2012,October,Kerala,Female,9073000
2012,October,Karnataka,Total,24481000
2012,October,Karnataka,Male,12471000
2012,October,Karnataka,Female,12010000
2012,October,Jharkhand,Total,8246000
2012,October,Jharkhand,Male,4317000
2012,October,Jharkhand,Female,3928000
2012,October,Jammu and Kashmir,Total,3476000
2012,October,Jammu and Kashmir,Male,1882000
2012,October,Jammu and Kashmir,Female,1594000
2012,October,Himachal Pradesh,Total,701000
2012,October,Himachal Pradesh,Male,378000
2012,October,Himachal Pradesh,Female,323000
2012,October,Haryana,Total,9329000
2012,October,Haryana,Male,4981000
2012,October,Haryana,Female,4348000
2012,October,Gujarat,Total,26901000
2012,October,Gujarat,Male,14309000
2012,October,Gujarat,Female,12592000
2012,October,Goa,Total,945000
2012,October,Goa,Male,483000
2012,October,Goa,Female,462000
2012,October,Delhi,Total,17020000
2012,October,Delhi,Male,9111000
2012,October,Delhi,Female,7909000
2012,October,Daman and Diu,Total,215000
2012,October,Daman and Diu,Male,136000
2012,October,Daman and Diu,Female,79000
2012,October,Dadra and Nagar Haveli,Total,192000
2012,October,Dadra and Nagar Haveli,Male,114000
2012,October,Dadra and Nagar Haveli,Female,78000
2012,October,Chhattisgarh,Total,6223000
2012,October,Chhattisgarh,Male,3182000
2012,October,Chhattisgarh,Female,3042000
2012,October,Chandigarh,Total,1058000
2012,October,Chandigarh,Male,580000
2012,October,Chandigarh,Female,477000
2012,October,Bihar,Total,12263000
2012,October,Bihar,Male,6471000
2012,October,Bihar,Female,5792000
2012,October,Assam,Total,4548000
2012,October,Assam,Male,2337000
2012,October,Assam,Female,2211000
2012,October,Arunachal Pradesh,Total,328000
2012,October,Arunachal Pradesh,Male,174000
2012,October,Arunachal Pradesh,Female,154000
2012,October,Andhra Pradesh,Total,15229000
2012,October,Andhra Pradesh,Male,7664000
2012,October,Andhra Pradesh,Female,7565000
2012,October,Andaman and Nicobar Islands,Total,148000
2012,October,Andaman and Nicobar Islands,Male,79000
2012,October,Andaman and Nicobar Islands,Female,69000
2012,October,All India,Total,391587000
2012,October,All India,Male,202980000
2012,October,All India,Female,188607000
2012,March,West Bengal,Total,29707000
2012,March,West Bengal,Male,15281000
2012,March,West Bengal,Female,14426000
2012,March,Uttarakhand,Total,3138000
2012,March,Uttarakhand,Male,1666000
2012,March,Uttarakhand,Female,1472000
2012,March,Uttar Pradesh,Total,45526000
2012,March,Uttar Pradesh,Male,24037000
2012,March,Uttar Pradesh,Female,21489000
2012,March,Tripura,Total,1011000
2012,March,Tripura,Male,512000
2012,March,Tripura,Female,499000
2012,March,Telangana,Total,14099000
2012,March,Telangana,Male,7096000
2012,March,Telangana,Female,7003000
2012,March,Tamil Nadu,Total,35476000
2012,March,Tamil Nadu,Male,17738000
2012,March,Tamil Nadu,Female,17738000
2012,March,Sikkim,Total,167000
2012,March,Sikkim,Male,87000
2012,March,Sikkim,Female,80000
2012,March,Rajasthan,Total,17436000
2012,March,Rajasthan,Male,9110000
2012,March,Rajasthan,Female,8326000
2012,March,Punjab,Total,10606000
2012,March,Punjab,Male,5657000
2012,March,Punjab,Female,4949000
2012,March,Puducherry,Total,876000
2012,March,Puducherry,Male,429000
2012,March,Puducherry,Female,447000
2012,March,Odisha,Total,7145000
2012,March,Odisha,Male,3698000
2012,March,Odisha,Female,3447000
2012,March,Nagaland,Total,604000
2012,March,Nagaland,Male,317000
2012,March,Nagaland,Female,287000
2012,March,Mizoram,Total,581000
2012,March,Mizoram,Male,291000
2012,March,Mizoram,Female,290000
2012,March,Meghalaya,Total,603000
2012,March,Meghalaya,Male,301000
2012,March,Meghalaya,Female,302000
2012,March,Manipur,Total,851000
2012,March,Manipur,Male,420000
2012,March,Manipur,Female,431000
2012,March,Maharashtra,Total,51711000
2012,March,Maharashtra,Male,27173000
2012,March,Maharashtra,Female,24538000
2012,March,Madhya Pradesh,Total,20498000
2012,March,Madhya Pradesh,Male,10687000
2012,March,Madhya Pradesh,Female,9811000
2012,March,Lakshadweep,Total,52000
2012,March,Lakshadweep,Male,27000
2012,March,Lakshadweep,Female,25000
2012,March,Ladakh,Total,64000
2012,March,Ladakh,Male,42000
2012,March,Ladakh,Female,22000
2012,March,Kerala,Total,16849000
2012,March,Kerala,Male,8058000
2012,March,Kerala,Female,8791000
2012,March,Karnataka,Total,24164000
2012,March,Karnataka,Male,12310000
2012,March,Karnataka,Female,11854000
2012,March,Jharkhand,Total,8130000
2012,March,Jharkhand,Male,4257000
2012,March,Jharkhand,Female,3873000
2012,March,Jammu and Kashmir,Total,3437000
2012,March,Jammu and Kashmir,Male,1861000
2012,March,Jammu and Kashmir,Female,1576000
2012,March,Himachal Pradesh,Total,696000
2012,March,Himachal Pradesh,Male,376000
2012,March,Himachal Pradesh,Female,320000
2012,March,Haryana,Total,9148000
2012,March,Haryana,Male,4884000
2012,March,Haryana,Female,4264000
2012,March,Gujarat,Total,26472000
2012,March,Gujarat,Male,14081000
2012,March,Gujarat,Female,12391000
2012,March,Goa,Total,931000
2012,March,Goa,Male,476000
2012,March,Goa,Female,455000
2012,March,Delhi,Total,16781000
2012,March,Delhi,Male,8983000
2012,March,Delhi,Female,7798000
2012,March,Daman and Diu,Total,203000
2012,March,Daman and Diu,Male,127000
2012,March,Daman and Diu,Female,76000
2012,March,Dadra and Nagar Haveli,Total,180000
2012,March,Dadra and Nagar Haveli,Male,107000
2012,March,Dadra and Nagar Haveli,Female,73000
2012,March,Chhattisgarh,Total,6117000
2012,March,Chhattisgarh,Male,3127000
2012,March,Chhattisgarh,Female,2990000
2012,March,Chandigarh,Total,1046000
2012,March,Chandigarh,Male,574000
2012,March,Chandigarh,Female,472000
2012,March,Bihar,Total,12076000
2012,March,Bihar,Male,6373000
2012,March,Bihar,Female,5703000
2012,March,Assam,Total,4493000
2012,March,Assam,Male,2309000
2012,March,Assam,Female,2184000
2012,March,Arunachal Pradesh,Total,324000
2012,March,Arunachal Pradesh,Male,171000
2012,March,Arunachal Pradesh,Female,153000
2012,March,Andhra Pradesh,Total,14999000
2012,March,Andhra Pradesh,Male,7549000
2012,March,Andhra Pradesh,Female,7450000
2012,March,Andaman and Nicobar Islands,Total,146000
2012,March,Andaman and Nicobar Islands,Male,78000
2012,March,Andaman and Nicobar Islands,Female,68000
2012,March,All India,Total,386343000
2012,March,All India,Male,200270000
2012,March,All India,Female,186073000
2012,July,West Bengal,Total,29914000
2012,July,West Bengal,Male,15388000
2012,July,West Bengal,Female,14526000
2012,July,Uttarakhand,Total,3168000
2012,July,Uttarakhand,Male,1682000
2012,July,Uttarakhand,Female,1487000
2012,July,Uttar Pradesh,Total,45872000
2012,July,Uttar Pradesh,Male,24220000
2012,July,Uttar Pradesh,Female,21653000
2012,July,Tripura,Total,1028000
2012,July,Tripura,Male,521000
2012,July,Tripura,Female,507000
2012,July,Telangana,Total,14099000
2012,July,Telangana,Male,7096000
2012,July,Telangana,Female,7003000
2012,July,Tamil Nadu,Total,35664000
2012,July,Tamil Nadu,Male,17832000
2012,July,Tamil Nadu,Female,17832000
2012,July,Sikkim,Total,171000
2012,July,Sikkim,Male,90000
2012,July,Sikkim,Female,82000
2012,July,Rajasthan,Total,17566000
2012,July,Rajasthan,Male,9178000
2012,July,Rajasthan,Female,8388000
2012,July,Punjab,Total,10675000
2012,July,Punjab,Male,5694000
2012,July,Punjab,Female,4982000
2012,July,Puducherry,Total,884000
2012,July,Puducherry,Male,433000
2012,July,Puducherry,Female,451000
2012,July,Odisha,Total,7193000
2012,July,Odisha,Male,3723000
2012,July,Odisha,Female,3470000
2012,July,Nagaland,Total,616000
2012,July,Nagaland,Male,323000
2012,July,Nagaland,Female,293000
2012,July,Mizoram,Total,584000
2012,July,Mizoram,Male,292000
2012,July,Mizoram,Female,292000
2012,July,Meghalaya,Total,606000
2012,July,Meghalaya,Male,303000
2012,July,Meghalaya,Female,303000
2012,July,Manipur,Total,857000
2012,July,Manipur,Male,423000
2012,July,Manipur,Female,434000
2012,July,Maharashtra,Total,52011000
2012,July,Maharashtra,Male,27331000
2012,July,Maharashtra,Female,24680000
2012,July,Madhya Pradesh,Total,20642000
2012,July,Madhya Pradesh,Male,10762000
2012,July,Madhya Pradesh,Female,9880000
2012,July,Lakshadweep,Total,53000
2012,July,Lakshadweep,Male,27000
2012,July,Lakshadweep,Female,26000
2012,July,Ladakh,Total,65000
2012,July,Ladakh,Male,43000
2012,July,Ladakh,Female,22000
2012,July,Kerala,Total,17157000
2012,July,Kerala,Male,8205000
2012,July,Kerala,Female,8952000
2012,July,Karnataka,Total,24345000
2012,July,Karnataka,Male,12402000
2012,July,Karnataka,Female,11943000
2012,July,Jharkhand,Total,8196000
2012,July,Jharkhand,Male,4291000
2012,July,Jharkhand,Female,3905000
2012,July,Jammu and Kashmir,Total,3459000
2012,July,Jammu and Kashmir,Male,1873000
2012,July,Jammu and Kashmir,Female,1586000
2012,July,Himachal Pradesh,Total,699000
2012,July,Himachal Pradesh,Male,377000
2012,July,Himachal Pradesh,Female,322000
2012,July,Haryana,Total,9252000
2012,July,Haryana,Male,4939000
2012,July,Haryana,Female,4312000
2012,July,Gujarat,Total,26717000
2012,July,Gujarat,Male,14211000
2012,July,Gujarat,Female,12506000
2012,July,Goa,Total,939000
2012,July,Goa,Male,480000
2012,July,Goa,Female,459000
2012,July,Delhi,Total,16918000
2012,July,Delhi,Male,9057000
2012,July,Delhi,Female,7861000
2012,July,Daman and Diu,Total,210000
2012,July,Daman and Diu,Male,133000
2012,July,Daman and Diu,Female,77000
2012,July,Dadra and Nagar Haveli,Total,187000
2012,July,Dadra and Nagar Haveli,Male,111000
2012,July,Dadra and Nagar Haveli,Female,76000
2012,July,Chhattisgarh,Total,6178000
2012,July,Chhattisgarh,Male,3158000
2012,July,Chhattisgarh,Female,3019000
2012,July,Chandigarh,Total,1053000
2012,July,Chandigarh,Male,578000
2012,July,Chandigarh,Female,475000
2012,July,Bihar,Total,12183000
2012,July,Bihar,Male,6429000
2012,July,Bihar,Female,5754000
2012,July,Assam,Total,4525000
2012,July,Assam,Male,2325000
2012,July,Assam,Female,2200000
2012,July,Arunachal Pradesh,Total,326000
2012,July,Arunachal Pradesh,Male,173000
2012,July,Arunachal Pradesh,Female,154000
2012,July,Andhra Pradesh,Total,15130000
2012,July,Andhra Pradesh,Male,7615000
2012,July,Andhra Pradesh,Female,7516000
2012,July,Andaman and Nicobar Islands,Total,147000
2012,July,Andaman and Nicobar Islands,Male,78000
2012,July,Andaman and Nicobar Islands,Female,69000
2012,July,All India,Total,389293000
2012,July,All India,Male,201796000
2012,July,All India,Female,187497000
2011,October,West Bengal,Total,29451000
2011,October,West Bengal,Male,15150000
2011,October,West Bengal,Female,14301000
2011,October,Uttarakhand,Total,3101000
2011,October,Uttarakhand,Male,1646000
2011,October,Uttarakhand,Female,1455000
2011,October,Uttar Pradesh,Total,45096000
2011,October,Uttar Pradesh,Male,23810000
2011,October,Uttar Pradesh,Female,21286000
2011,October,Tripura,Total,990000
2011,October,Tripura,Male,502000
2011,October,Tripura,Female,488000
2011,October,Telangana,Total,13823000
2011,October,Telangana,Male,6956000
2011,October,Telangana,Female,6866000
2011,October,Tamil Nadu,Total,35243000
2011,October,Tamil Nadu,Male,17622000
2011,October,Tamil Nadu,Female,17622000
2011,October,Sikkim,Total,162000
2011,October,Sikkim,Male,84000
2011,October,Sikkim,Female,77000
2011,October,Rajasthan,Total,17274000
2011,October,Rajasthan,Male,9025000
2011,October,Rajasthan,Female,8249000
2011,October,Punjab,Total,10520000
2011,October,Punjab,Male,5611000
2011,October,Punjab,Female,4909000
2011,October,Puducherry,Total,866000
2011,October,Puducherry,Male,424000
2011,October,Puducherry,Female,442000
2011,October,Odisha,Total,7086000
2011,October,Odisha,Male,3668000
2011,October,Odisha,Female,3418000
2011,October,Nagaland,Total,590000
2011,October,Nagaland,Male,309000
2011,October,Nagaland,Female,281000
2011,October,Mizoram,Total,577000
2011,October,Mizoram,Male,289000
2011,October,Mizoram,Female,288000
2011,October,Meghalaya,Total,600000
2011,October,Meghalaya,Male,300000
2011,October,Meghalaya,Female,300000
2011,October,Manipur,Total,844000
2011,October,Manipur,Male,417000
2011,October,Manipur,Female,427000
2011,October,Maharashtra,Total,51339000
2011,October,Maharashtra,Male,26978000
2011,October,Maharashtra,Female,24361000
2011,October,Madhya Pradesh,Total,20319000
2011,October,Madhya Pradesh,Male,10594000
2011,October,Madhya Pradesh,Female,9725000
2011,October,Lakshadweep,Total,51000
2011,October,Lakshadweep,Male,26000
2011,October,Lakshadweep,Female,25000
2011,October,Ladakh,Total,63000
2011,October,Ladakh,Male,41000
2011,October,Ladakh,Female,22000
2011,October,Kerala,Total,16468000
2011,October,Kerala,Male,7876000
2011,October,Kerala,Female,8592000
2011,October,Karnataka,Total,23940000
2011,October,Karnataka,Male,12196000
2011,October,Karnataka,Female,11744000
2011,October,Jharkhand,Total,8048000
2011,October,Jharkhand,Male,4214000
2011,October,Jharkhand,Female,3834000
2011,October,Jammu and Kashmir,Total,3410000
2011,October,Jammu and Kashmir,Male,1846000
2011,October,Jammu and Kashmir,Female,1564000
2011,October,Himachal Pradesh,Total,693000
2011,October,Himachal Pradesh,Male,374000
2011,October,Himachal Pradesh,Female,319000
2011,October,Haryana,Total,9021000
2011,October,Haryana,Male,4816000
2011,October,Haryana,Female,4204000
2011,October,Gujarat,Total,26169000
2011,October,Gujarat,Male,13920000
2011,October,Gujarat,Female,12249000
2011,October,Goa,Total,921000
2011,October,Goa,Male,471000
2011,October,Goa,Female,450000
2011,October,Delhi,Total,16609000
2011,October,Delhi,Male,8892000
2011,October,Delhi,Female,7718000
2011,October,Daman and Diu,Total,195000
2011,October,Daman and Diu,Male,121000
2011,October,Daman and Diu,Female,73000
2011,October,Dadra and Nagar Haveli,Total,172000
2011,October,Dadra and Nagar Haveli,Male,102000
2011,October,Dadra and Nagar Haveli,Female,70000
2011,October,Chhattisgarh,Total,6042000
2011,October,Chhattisgarh,Male,3089000
2011,October,Chhattisgarh,Female,2953000
2011,October,Chandigarh,Total,1038000
2011,October,Chandigarh,Male,570000
2011,October,Chandigarh,Female,468000
2011,October,Bihar,Total,11944000
2011,October,Bihar,Male,6303000
2011,October,Bihar,Female,5641000
2011,October,Assam,Total,4454000
2011,October,Assam,Male,2289000
2011,October,Assam,Female,2165000
2011,October,Arunachal Pradesh,Total,321000
2011,October,Arunachal Pradesh,Male,170000
2011,October,Arunachal Pradesh,Female,151000
2011,October,Andhra Pradesh,Total,14837000
2011,October,Andhra Pradesh,Male,7467000
2011,October,Andhra Pradesh,Female,7370000
2011,October,Andaman and Nicobar Islands,Total,145000
2011,October,Andaman and Nicobar Islands,Male,77000
2011,October,Andaman and Nicobar Islands,Female,68000
2011,October,All India,Total,382420000
2011,October,All India,Male,198245000
2011,October,All India,Female,184175000
2011,March,West Bengal,Total,29093000
2011,March,West Bengal,Male,14966000
2011,March,West Bengal,Female,14127000
2011,March,Uttarakhand,Total,3049000
2011,March,Uttarakhand,Male,1618000
2011,March,Uttarakhand,Female,1431000
2011,March,Uttar Pradesh,Total,44495000
2011,March,Uttar Pradesh,Male,23493000
2011,March,Uttar Pradesh,Female,21002000
2011,March,Tripura,Total,961000
2011,March,Tripura,Male,487000
2011,March,Tripura,Female,474000
2011,March,Telangana,Total,13731000
2011,March,Telangana,Male,6910000
2011,March,Telangana,Female,6821000
2011,March,Tamil Nadu,Total,34917000
2011,March,Tamil Nadu,Male,17459000
2011,March,Tamil Nadu,Female,17459000
2011,March,Sikkim,Total,154000
2011,March,Sikkim,Male,81000
2011,March,Sikkim,Female,73000
2011,March,Rajasthan,Total,17048000
2011,March,Rajasthan,Male,8907000
2011,March,Rajasthan,Female,8141000
2011,March,Punjab,Total,10399000
2011,March,Punjab,Male,5546000
2011,March,Punjab,Female,4853000
2011,March,Puducherry,Total,853000
2011,March,Puducherry,Male,418000
2011,March,Puducherry,Female,435000
2011,March,Odisha,Total,7004000
2011,March,Odisha,Male,3625000
2011,March,Odisha,Female,3379000
2011,March,Nagaland,Total,571000
2011,March,Nagaland,Male,299000
2011,March,Nagaland,Female,272000
2011,March,Mizoram,Total,572000
2011,March,Mizoram,Male,286000
2011,March,Mizoram,Female,286000
2011,March,Meghalaya,Total,595000
2011,March,Meghalaya,Male,297000
2011,March,Meghalaya,Female,298000
2011,March,Manipur,Total,834000
2011,March,Manipur,Male,412000
2011,March,Manipur,Female,422000
2011,March,Maharashtra,Total,50818000
2011,March,Maharashtra,Male,26704000
2011,March,Maharashtra,Female,24114000
2011,March,Madhya Pradesh,Total,20069000
2011,March,Madhya Pradesh,Male,10464000
2011,March,Madhya Pradesh,Female,9605000
2011,March,Lakshadweep,Total,50000
2011,March,Lakshadweep,Male,26000
2011,March,Lakshadweep,Female,24000
2011,March,Ladakh,Total,62000
2011,March,Ladakh,Male,41000
2011,March,Ladakh,Female,21000
2011,March,Kerala,Total,15935000
2011,March,Kerala,Male,7621000
2011,March,Kerala,Female,8314000
2011,March,Karnataka,Total,23626000
2011,March,Karnataka,Male,12036000
2011,March,Karnataka,Female,11590000
2011,March,Jharkhand,Total,7933000
2011,March,Jharkhand,Male,4153000
2011,March,Jharkhand,Female,3780000
2011,March,Jammu and Kashmir,Total,3371000
2011,March,Jammu and Kashmir,Male,1825000
2011,March,Jammu and Kashmir,Female,1546000
2011,March,Himachal Pradesh,Total,689000
2011,March,Himachal Pradesh,Male,372000
2011,March,Himachal Pradesh,Female,317000
2011,March,Haryana,Total,8842000
2011,March,Haryana,Male,4721000
2011,March,Haryana,Female,4121000
2011,March,Gujarat,Total,25745000
2011,March,Gujarat,Male,13694000
2011,March,Gujarat,Female,12051000
2011,March,Goa,Total,907000
2011,March,Goa,Male,464000
2011,March,Goa,Female,443000
2011,March,Delhi,Total,16369000
2011,March,Delhi,Male,8763000
2011,March,Delhi,Female,7606000
2011,March,Daman and Diu,Total,183000
2011,March,Daman and Diu,Male,113000
2011,March,Daman and Diu,Female,70000
2011,March,Dadra and Nagar Haveli,Total,161000
2011,March,Dadra and Nagar Haveli,Male,96000
2011,March,Dadra and Nagar Haveli,Female,65000
2011,March,Chhattisgarh,Total,5937000
2011,March,Chhattisgarh,Male,3035000
2011,March,Chhattisgarh,Female,2902000
2011,March,Chandigarh,Total,1026000
2011,March,Chandigarh,Male,563000
2011,March,Chandigarh,Female,463000
2011,March,Bihar,Total,11758000
2011,March,Bihar,Male,6205000
2011,March,Bihar,Female,5553000
2011,March,Assam,Total,4399000
2011,March,Assam,Male,2261000
2011,March,Assam,Female,2138000
2011,March,Arunachal Pradesh,Total,317000
2011,March,Arunachal Pradesh,Male,168000
2011,March,Arunachal Pradesh,Female,149000
2011,March,Andhra Pradesh,Total,14610000
2011,March,Andhra Pradesh,Male,7353000
2011,March,Andhra Pradesh,Female,7257000
2011,March,Andaman and Nicobar Islands,Total,143000
2011,March,Andaman and Nicobar Islands,Male,76000
2011,March,Andaman and Nicobar Islands,Female,67000
2011,March,All India,Total,377106000
2011,March,All India,Male,195493000
2011,March,All India,Female,181613000
2011,July,West Bengal,Total,29298000
2011,July,West Bengal,Male,15071000
2011,July,West Bengal,Female,14227000
2011,July,Uttarakhand,Total,3079000
2011,July,Uttarakhand,Male,1634000
2011,July,Uttarakhand,Female,1445000
2011,July,Uttar Pradesh,Total,44839000
2011,July,Uttar Pradesh,Male,23674000
2011,July,Uttar Pradesh,Female,21165000
2011,July,Tripura,Total,978000
2011,July,Tripura,Male,496000
2011,July,Tripura,Female,482000
2011,July,Telangana,Total,13731000
2011,July,Telangana,Male,6910000
2011,July,Telangana,Female,6821000
2011,July,Tamil Nadu,Total,35103000
2011,July,Tamil Nadu,Male,17552000
2011,July,Tamil Nadu,Female,17552000
2011,July,Sikkim,Total,158000
2011,July,Sikkim,Male,83000
2011,July,Sikkim,Female,76000
2011,July,Rajasthan,Total,17177000
2011,July,Rajasthan,Male,8975000
2011,July,Rajasthan,Female,8203000
2011,July,Punjab,Total,10468000
2011,July,Punjab,Male,5583000
2011,July,Punjab,Female,4885000
2011,July,Puducherry,Total,861000
2011,July,Puducherry,Male,421000
2011,July,Puducherry,Female,439000
2011,July,Odisha,Total,7051000
2011,July,Odisha,Male,3650000
2011,July,Odisha,Female,3401000
2011,July,Nagaland,Total,582000
2011,July,Nagaland,Male,305000
2011,July,Nagaland,Female,277000
2011,July,Mizoram,Total,575000
2011,July,Mizoram,Male,288000
2011,July,Mizoram,Female,287000
2011,July,Meghalaya,Total,598000
2011,July,Meghalaya,Male,299000
2011,July,Meghalaya,Female,299000
2011,July,Manipur,Total,840000
2011,July,Manipur,Male,414000
2011,July,Manipur,Female,425000
2011,July,Maharashtra,Total,51116000
2011,July,Maharashtra,Male,26861000
2011,July,Maharashtra,Female,24255000
2011,July,Madhya Pradesh,Total,20212000
2011,July,Madhya Pradesh,Male,10538000
2011,July,Madhya Pradesh,Female,9674000
2011,July,Lakshadweep,Total,51000
2011,July,Lakshadweep,Male,26000
2011,July,Lakshadweep,Female,25000
2011,July,Ladakh,Total,63000
2011,July,Ladakh,Male,41000
2011,July,Ladakh,Female,22000
2011,July,Kerala,Total,16240000
2011,July,Kerala,Male,7766000
2011,July,Kerala,Female,8473000
2011,July,Karnataka,Total,23805000
2011,July,Karnataka,Male,12127000
2011,July,Karnataka,Female,11678000
2011,July,Jharkhand,Total,7999000
2011,July,Jharkhand,Male,4188000
2011,July,Jharkhand,Female,3811000
2011,July,Jammu and Kashmir,Total,3393000
2011,July,Jammu and Kashmir,Male,1837000
2011,July,Jammu and Kashmir,Female,1556000
2011,July,Himachal Pradesh,Total,691000
2011,July,Himachal Pradesh,Male,373000
2011,July,Himachal Pradesh,Female,318000
2011,July,Haryana,Total,8944000
2011,July,Haryana,Male,4775000
2011,July,Haryana,Female,4169000
2011,July,Gujarat,Total,25987000
2011,July,Gujarat,Male,13823000
2011,July,Gujarat,Female,12164000
2011,July,Goa,Total,915000
2011,July,Goa,Male,468000
2011,July,Goa,Female,447000
2011,July,Delhi,Total,16506000
2011,July,Delhi,Male,8836000
2011,July,Delhi,Female,7670000
2011,July,Daman and Diu,Total,190000
2011,July,Daman and Diu,Male,118000
2011,July,Daman and Diu,Female,72000
2011,July,Dadra and Nagar Haveli,Total,167000
2011,July,Dadra and Nagar Haveli,Male,99000
2011,July,Dadra and Nagar Haveli,Female,68000
2011,July,Chhattisgarh,Total,5997000
2011,July,Chhattisgarh,Male,3066000
2011,July,Chhattisgarh,Female,2931000
2011,July,Chandigarh,Total,1033000
2011,July,Chandigarh,Male,567000
2011,July,Chandigarh,Female,466000
2011,July,Bihar,Total,11864000
2011,July,Bihar,Male,6261000
2011,July,Bihar,Female,5603000
2011,July,Assam,Total,4430000
2011,July,Assam,Male,2277000
2011,July,Assam,Female,2154000
2011,July,Arunachal Pradesh,Total,319000
2011,July,Arunachal Pradesh,Male,169000
2011,July,Arunachal Pradesh,Female,150000
2011,July,Andhra Pradesh,Total,14740000
2011,July,Andhra Pradesh,Male,7418000
2011,July,Andhra Pradesh,Female,7322000
2011,July,Andaman and Nicobar Islands,Total,144000
2011,July,Andaman and Nicobar Islands,Male,77000
2011,July,Andaman and Nicobar Islands,Female,67000
2011,July,All India,Total,380145000
2011,July,All India,Male,197066000
2011,July,All India,Female,183079000
